svr,fnn,gpr
34.36000283087146,44.074030676325854,40.631500066722595
17.715636342036795,10.521804543978096,28.949301923754405
17.847109331043924,4.328727616928834,26.936005679525863
34.67304951796241,32.1545275571648,36.67796362601159
22.708240201001637,9.505234256298728,26.635197536753168
19.709938742992083,15.362551844421954,28.423533375423844
20.31192959513072,10.178064442062684,33.07953095985546
15.804625143295485,0.0,21.588147278042058
21.577155989233784,22.297954682466823,28.556421224183737
20.014498699828735,17.399611593612782,33.936154549530215
18.787183634845903,13.241008461934651,23.138752532898437
15.048534074116686,6.518876764851326,20.109329859000695
33.2647357338782,32.20653673073676,40.03204005138798
17.44676592783265,2.6771709032758304,26.83118238186836
21.445212263465052,13.446071043053077,31.729683929250285
31.609702130127385,25.168071853477237,37.3826519433937
23.714414647077632,11.322464311565161,26.6291587023683
23.574937163114026,3.1726690548730656,29.10743206335937
20.220067748599043,2.7453231786594268,32.34843615191892
19.95531413631813,0.0,23.476913676038862
20.17883183840333,4.845540491785157,26.213274232957673
10.343265395812129,0.0,24.777997656639243
20.578221427631206,12.757610708120046,24.549225180821423
17.75425513145709,7.47601841019415,23.97569615698842
12.711321714612932,3.5949153611905995,16.400511511572233
14.812046613997971,5.777091430517894,9.090029756677183
14.380074153470858,0.0,5.957486623497559
19.652355560181988,8.333951802087647,16.79833767833486
18.06358545497396,6.773068468281515,9.771594927530103
18.681338177031336,7.300906675737158,10.563268623881044
18.254119981086244,3.0430947658830276,14.082958096472709
18.00419452016465,7.023337502882513,5.911359460546208
20.842500769189805,0.0,6.888631266080623
18.314458684955206,10.354527493074738,12.981367045623031
17.515401405695933,13.278684104508205,7.782647238330611
20.060052344661333,13.325772246718419,7.190498706493713
14.511294046861227,0.0,16.61941340746253
14.176088283378792,0.8125582384389074,6.523166369508928
17.884649272719294,0.4384268422845994,9.151924958210458
19.482425794488453,1.7281358357858834,16.62722983110811
18.682704381748916,2.081835161122001,7.810407719834274
18.720687380762143,0.0,6.290018844661276
19.71397972879192,4.505510746932536,16.311795020333832
18.71250750097865,6.562546601313366,8.634398996277994
21.49227516953557,1.6479882929156442,8.383402294935891
15.585389946122731,0.5975931677680357,10.589555358212337
15.786120761069093,0.18028977000558166,1.081909357573565
20.36125323258866,5.466438715093256,6.85704688241735
1.3258437316683525,0.44874383950790464,8.641435179589863
5.951112131460166,0.0,0.0
9.978154445345961,2.236958895186273,3.5901461814484037
11.685672834519668,11.551456832643257,9.632491460396935
13.101450974290014,11.415374531772631,2.3910575402123158
14.68244795901163,7.935447444164661,3.6474606316823355
10.168674106249256,0.0,3.2794302104665007
15.653445834004431,5.718310438744304,0.5885658982077757
15.78151180650819,2.471124406071864,0.0
9.414483414678553,6.018797717449038,7.133691603761179
13.394488015551605,4.933648862815891,0.0
14.938395124794749,9.480137723021564,1.6919881898381561
0.0,0.03586365236448841,6.976220079300077
6.6459727109280635,5.997253898330004,1.6960039594565046
10.190839774778365,2.5571864955471337,4.7621527797131336
8.822122653370867,2.1118281042883726,6.5749907693616905
11.853582363070858,3.543258915569234,0.0
14.148907520336634,0.0,1.5679896268971305
11.924481629558992,0.6942635912406458,6.283546762794572
13.220028103361672,0.0,0.0
15.744339843164186,3.802560428587094,2.3829273486205693
10.811534667790198,0.7787597446997452,4.928112623001084
12.54956574237946,1.6461395851637406,0.0
15.883888833851136,6.305087560252414,3.2320356632595804
15.961885104746951,1.5036645319643671,20.822463815449552
11.946792865895342,0.9734087850762829,13.265288784982516
18.330316748908494,3.265967264651801,15.525897818594032
22.222026072947617,0.0,19.41871420260668
21.99733770757676,0.0,11.39235643918795
26.92096508478481,2.7503142821870705,15.010759736291277
16.676622647145912,0.0,19.080396107614206
16.87153938409658,0.0,8.470377597695702
23.62832157582445,0.0,12.520874292031863
14.005731067224513,0.0,13.34478022417727
17.644760127096085,0.33113520064485535,9.774895678516344
25.62179395400827,22.369593999443055,18.066136000151545
8.752593465832417,0.0,19.190384375063374
15.295820109281951,0.0,10.874494724923522
15.53854874639878,0.0,11.330515183352432
21.568875798186955,0.0,19.227416656788066
18.50681139053661,0.0,11.859594602435592
24.134172975715842,0.07451610374086926,13.58224015293274
17.91326400528557,0.0,18.765614345015678
17.45476283862509,0.0,9.398708577492556
20.955330096784582,0.0,13.165368481433859
14.108943648942791,0.0,14.288250603571342
16.7010860999306,0.0,6.608376459284528
21.139848636250342,0.0,9.069327283116166
40.370860703671866,52.60264940027626,40.609797341516156
27.48880939943353,20.24328613129991,32.10371390526973
44.9904523555807,47.050019912583416,37.682277702721976
42.79375281436751,51.633208945929084,41.12247555203055
34.02102351233684,26.38840383600445,32.119047311581284
38.255408845059115,55.497363208424076,37.813376456280636
30.52841947274279,33.47724035142706,40.842435949907454
27.061591825816915,18.671109700784516,31.822397129450053
35.19937772225953,27.825242215310016,30.41550596938194
30.41940065263857,25.24571534318884,36.21743335922751
29.692807519430076,35.87222833923144,31.639948370386932
33.740914815512,38.36852996076873,30.884147561028428
35.46124093175483,36.153497692012834,40.64428264766008
29.313242937852465,20.2050752291252,32.395322146332006
36.62430850330192,27.966830573785607,33.97247096268444
44.18261616412693,47.517568694547464,42.431124189186065
33.51934712819214,13.495878679174787,33.48000224565624
36.50726022615986,28.499285096980845,33.34872699541528
36.052282600265585,43.39945672087446,40.72532717673994
29.06709559381159,19.556955482702413,30.462984833928886
35.24167259209452,24.100847930590508,30.34417450740861
28.68664704948429,21.66135774212845,34.98393812886718
26.808048068453402,31.054668096941956,31.989625923040563
33.81891150984104,34.991939379143716,31.61737758766364
34.25279897129609,35.19396121216829,41.429402176327415
25.758438559098412,2.8261902304893405,30.042686137946575
28.215978753230594,31.899717377541016,36.124256661995986
43.250400967884985,46.73700177408186,43.14135659492358
32.01677796141286,12.335619672487452,34.481127504240234
25.978866464506943,16.650771502824156,35.06274743907383
29.674703343677535,14.492981658263467,37.0353691693893
24.2919830215191,7.459569020614224,29.94098805644917
28.981826648042286,26.859147169385295,34.0429600155575
31.39163114159913,25.883808714582553,36.12170533971607
28.056680216151246,24.65236563637918,32.6693269398028
25.705528803964263,20.43136068133995,30.69685529915752
39.65000903600037,33.6628999308045,41.170939994440374
34.07598075362668,25.835890332522567,36.559683187235095
29.774745780720234,23.69280266511928,35.92272537390606
40.121915055636094,25.977570811313136,40.273851596584294
26.593595456511622,2.6286294800595114,32.94315091620781
36.101494797711275,34.66791194698703,36.52381100772246
37.45682604715701,27.7120932921636,40.671201518127944
22.227939700380304,0.0,25.117273790651495
29.602126243963262,7.801333667449208,32.35947520977241
28.560241121984436,16.987897080758575,37.63514631635999
20.882587995802968,3.820979029642044,25.87244459289046
27.187732562145307,26.333591163411015,31.372708529293902
21.37115390235183,12.644624586697773,22.986930762630777
15.572364419335775,1.8470215220204456,9.55731036835715
24.089536425476293,11.688174708628312,15.723411264285616
25.776193499814237,14.186681575584306,25.773838683631
18.48506519636858,8.591002311708216,12.621527669787014
24.587904529224566,14.881632333276823,17.902412814012933
18.604596800033775,0.7867971433421517,17.560920884660973
19.38669521802471,4.782123442663406,11.563197607238038
24.796881997003357,11.196639342588986,15.806440582601482
21.309041561197088,15.650299525999083,20.475422602441498
19.091485238196462,13.954669723745297,12.377109902340422
22.36907099049979,14.998539633973177,11.778047931939923
18.363839835714092,4.818728336128694,22.622189331207565
18.91753331463105,3.8797332771255357,12.987291706618862
21.048401558011278,0.0,10.234915042530233
20.614819651161504,4.2723234263929815,19.726439406436356
19.7842682016841,0.0,12.105290058577296
24.09696081093291,5.964118977526466,16.683066215778624
20.460349848041872,6.144222086474188,20.574533853316694
20.313574526315254,6.103735149121309,12.641821243022804
22.078594768711195,0.0,10.567394232458867
18.685445159262155,7.439825620458642,16.026609672579184
17.452363566069526,1.3369139277350162,8.939740054290155
22.689731361290647,8.632361490816514,10.41393959154064
12.487612567030217,8.48159226959123,15.511717020606568
8.61955729209399,6.877904580477743,7.2318573123828855
15.672650154624609,8.290982615758109,10.418441109746013
11.349387027628568,2.5914569602028728,12.680378235333691
11.231745487511574,3.266412815282096,4.321745968333417
13.824839072621895,10.177060254003067,7.662780773701314
12.437991695831235,3.118601551575132,11.24390555412667
15.698992040956892,3.7030657659696633,3.508385943063388
16.731415897534855,3.714194686643399,7.755685389241407
14.50161395968815,14.058654341370595,12.445619058148196
14.183506754595994,8.964034139475093,1.3694319156147117
17.444079958500566,7.359879258517123,4.7948633567030186
16.95200955677668,19.315345952657598,21.593688518038903
10.534196500704653,9.198647389806471,5.466016318637017
15.585105602303742,6.624144064927658,10.038606532119232
13.783282814676747,5.599396445082125,14.630543683284003
12.99102893642274,1.2364557536116727,4.895046457222563
14.101023471568944,0.17551086598996402,7.696872805075898
13.377587637434003,0.8170166326364414,10.528650001368973
15.281249141150393,1.9708665010218096,2.237783128387818
16.582786018676664,1.7566033756494392,7.077031385604258
14.36959268255217,7.780169239922021,11.509850412691875
13.335736632248029,0.8521346755464343,0.0
17.449598934693604,7.160375921821607,6.119675753810654
21.51620907429097,7.357998431179674,29.01860312617643
11.924967105535844,0.04693888807196678,15.92259578795769
24.145774735041563,0.0,20.995568677560215
25.89877607706395,4.579386949571927,25.506931956165744
14.691672291485567,0.0,11.801647184789772
26.17114524307647,0.017880266153785795,18.2597558931635
21.254667356524884,0.0,23.03690989558895
19.029770446222308,0.0,15.876464535290822
26.577688448780897,0.0,16.349790276557314
19.026925324586195,0.0,22.871057548294118
17.74816149694186,0.0,15.32015365780893
21.68752310004033,1.0218515130707218,16.54925426769367
17.117808018658828,1.955295387761986,24.191398485209845
15.45621325144962,0.0,16.423773216433304
25.1961867039806,2.964440466371188,18.862913547726095
26.520674287678627,4.197159816260177,27.933622305940347
17.300159454108925,0.0,18.326343091078527
26.825412851106183,0.0,18.595778603423625
22.3797978287609,0.0,24.117733515502522
17.958422902042777,0.0,13.927811685023883
28.35090967917591,0.0,17.52316719885684
20.919748759031023,5.039176765017924,25.528286679287007
18.227426145294153,0.1556621428382976,12.500767415605054
23.376985901325085,2.416924974032307,15.244303206737726
44.48864593397802,49.47620117576004,45.642637672165876
27.883010040684148,11.292545405751472,31.784929222387248
43.48851736812149,38.532926568374506,39.97682030961819
43.032139280783454,40.485500147525755,39.85043808543189
29.50140388528154,11.740951863257399,34.72286480097807
39.05022164482872,34.74891634445192,38.48026445790268
35.152534098072096,34.50071426528439,40.93516275419567
29.110433523026288,14.693025019751795,31.275937675456476
34.0361782635359,27.78696623751074,35.64521940403189
34.7818465345026,47.803765107363674,38.16577515511398
29.27349854467222,26.149562481456478,34.582752425481544
36.36433939970742,39.37455249620004,33.16636365620674
39.572057307783545,30.219670379410623,42.311581158317324
30.076591175025513,10.123287036482933,32.44491991903111
32.44155343683299,13.104620388400336,30.498840679156984
42.97598220672222,36.27958934868803,42.180037522228275
30.487401562480763,11.091108904084624,34.873053265146794
40.474090835551735,44.947145967201656,39.83731380004741
39.66947137204531,39.179120577152716,45.27344009088395
25.749615997501273,7.126628228606507,26.506849882109407
34.80678953453125,30.290755739716943,36.068187684743336
35.24570207417999,32.361700381987774,38.244184222910604
25.65454897952729,11.073246228190312,27.670078578254973
35.88442778110031,35.50515061716362,36.82595346942378
44.32201925026297,48.894702202282176,46.81304779052937
28.060418316438316,19.28135451522493,35.76595119162185
34.89855084157875,39.82804070966973,40.78693262675685
50.242307221743054,67.33414793932512,49.935350188854244
31.264222060395216,29.014296981344323,38.986163297836
28.42128417394907,27.536827670265872,37.931962464015925
37.787485244591146,51.906386920831764,45.323409318808814
24.498449421691877,5.313448290831417,32.66465045546646
27.801769237727644,29.04480066709549,38.43685499784556
40.00893338158593,60.53489695563134,44.492522607595646
28.065910802232494,31.86594718771417,36.13594527572907
22.32556264711899,28.742719814934677,34.269075796640394
45.79373621982279,58.270724022785025,48.3319512109577
26.203565367435594,9.182612650112926,34.33000400313368
36.49787107986029,51.754152213685444,41.826253490437324
43.135362181181804,50.96621606821296,46.546997160083095
22.334674344622716,0.0,30.51016251118817
28.793889245089233,35.35778851197348,37.90464111579084
37.250094312508836,47.20511966531292,45.14965536536053
23.83524547514767,1.3442440064263883,31.067900964497213
26.711603919573932,33.23736958248277,39.83557459008857
32.246160145439895,29.202705778180572,40.555497485351566
28.374019851967,19.755077832239593,34.756755879940044
24.822549227251784,28.924997457543622,33.446222304825994
20.054680968429803,9.341275288928752,21.566042696030152
18.256792305924215,8.412186922865896,11.463341841263954
23.013279438601128,11.628490610580059,15.427083295264126
22.48821440281911,10.535105870137954,21.50923536933888
18.103383147911227,5.972051739363837,10.501684038169188
23.014286078964563,12.814770024911141,17.010064984837783
23.617631840827823,22.703010820295372,24.05939840525093
19.355362138165244,11.008617134934305,12.45792025680899
21.655167016446338,14.015286343908091,16.81977987422073
22.112610612260042,13.604939762188426,18.59729457909566
18.621760844883205,18.47255039464262,11.573957660676228
22.626354952065615,30.91572529700965,17.89082699795742
21.30532391975088,5.150470027061795,20.6036029880012
18.805356415910413,12.295375135411701,15.85410112773232
21.036432719253774,14.74912944622468,17.026559188442505
22.04482071351109,11.380897525096675,22.878195267870254
19.50250423242162,12.485963538643027,13.21089748429479
21.852177260288336,9.549001313491202,14.89283679944414
22.02125680538873,8.766259298601074,20.505783840133418
19.806753329508506,4.606437802004908,12.738176366536678
22.633950685617407,14.893061598612274,17.704058763569037
21.416230991317008,13.941909500079298,19.41938162375692
18.054751562244324,6.467004901099793,8.674709159759502
21.743444687154575,17.769419126756524,12.515751939741548
18.012020792021115,13.17137371394292,17.675410344989402
13.770698550696661,8.326539312730985,4.7734169853331565
15.32591951456106,7.862571000792002,5.966142934812098
19.516308171912712,12.279013234339295,16.790455441411964
16.063935818365582,11.242016360188757,6.651702927001679
18.202272718915562,6.6706386341427315,7.453557377310034
18.04629762026768,9.640569105736711,14.312970050313893
17.24870796839957,5.201201964069018,5.396101926267818
16.29839964697682,4.296993700611341,7.238116809868131
17.062458831536397,4.884049774937861,12.700501464970841
17.61337904516151,14.51779754874041,3.5025374840857637
16.951537483814874,10.19654266020587,5.911406032704178
12.367886690890945,9.301188515872678,13.961028903810515
12.822494955746286,4.912640644847919,3.102587919212425
15.766413279389992,6.582403601076199,8.80794843477453
17.236953696422365,8.60422264701633,14.664533953324579
14.238213149646349,5.090056170789606,0.9052597231172399
17.90228162003015,10.015200723913528,10.297004457413053
18.286751022311602,16.29664922873584,13.351242991325734
17.487696866059025,5.7955763352098355,3.9738491354071215
18.862503244236827,11.365541005382799,9.704216665373053
15.761738333680704,4.8245509193751985,7.531183739842646
15.792691254781007,8.065624137639011,2.158212074640886
15.484333231663573,8.46509403898256,4.328144125184963
33.17832690036745,18.823058930123832,27.423702080989116
24.808975809478934,2.7392876305379357,18.055248671881543
31.029749725832012,17.224023737600813,22.088204536921126
38.510610494423815,12.138210048171167,29.677887386611488
24.1064742253392,0.0,17.042825517308984
30.783541184313865,9.382448076628444,20.44621008578268
28.362924845737393,2.1539818364097805,23.05712057558047
25.249602257384733,3.9097421174456457,17.37772115057183
25.643084920608352,1.7521159474755088,15.82442243666435
30.667299023963217,12.457221077568441,24.347958358435378
24.52268610918263,8.015777346387662,18.022543059437837
26.9266432722985,10.363601002316418,15.555769244581938
32.04474893979843,12.506599615045701,28.31844954413846
24.657186293625607,7.028681505312835,20.136673745225266
25.395959957100462,11.850632396441378,21.364319857764826
33.668708413962776,7.308636972125911,27.51800955249145
24.816891689048237,0.0,16.61335046476232
30.2846509891714,13.569268215348878,21.125791534808158
29.78427495535731,3.7187978882156916,24.859243702290215
21.833528797299643,0.0,12.233351923519322
28.212218562316554,10.791600011403695,18.206198463253145
30.54346755236596,6.348438541884037,24.24823435339036
24.105295037827897,5.665095749543364,16.45278386407398
24.858094026014143,12.638964902463833,15.857823792617793
58.2673059680658,78.14271783140514,52.861411796976725
38.73786007518939,33.90210301701477,43.856758405823655
44.59639462207601,57.71352632002076,42.81494004895734
57.04622465862087,68.24929848348205,50.40310710341416
36.1952079485453,23.01302981459905,38.531404350114684
46.985571198029525,61.97485790702036,43.05641705091965
44.97306787255171,70.49449087589738,49.1484202031986
32.53001291903394,31.249138668310877,39.92858057688146
39.044878692071514,61.17622526632759,42.259262414059435
43.98385255822271,73.87040590389066,47.27390377603996
30.82481935117991,35.1855840043384,36.6056791799987
37.12011481997515,60.1280089935902,41.90208663135358
52.404016869075456,64.39157888187535,48.01327799530405
36.07083739077542,29.192181505141484,41.60888301621398
43.90630322867935,65.93494092816829,44.960917661698616
52.83881897049952,52.259153693299865,48.44655266773749
32.62778334789951,10.359331454218061,34.72289162267785
43.921161159758014,40.48911345401219,40.552183947885396
44.315306150199554,67.36231718768566,48.173770090063854
30.714238866006887,29.115534938402273,40.15466385585171
38.540405602813884,78.8649534299857,45.555268160267914
42.44499515650414,53.04447266559653,45.302248711274444
30.26455724904303,30.15151843240837,37.50317652058648
35.309008672521465,51.38598615263394,39.715877185892765
28.291254089224402,24.326520628982372,27.50228301026233
18.83482788037657,10.906321127501641,16.657989058142135
17.776826683137045,15.24999593531736,18.130694834841066
32.13160037204947,25.86344498825664,29.06329397762235
18.54066174956937,8.045569430235838,18.082006152005334
16.33170541252442,10.541846997213572,19.205276726736855
13.917998437275035,8.638880825771091,19.48794181800949
13.509700266431985,3.700932820047298,11.256858269608543
14.835573725689112,8.486777227797552,16.238625174777894
18.170272320730373,22.271670700519365,25.771901832704458
11.220861651573003,5.283423269732132,9.952419054502002
13.654713242776726,14.05720503374795,16.73380408340975
21.92681442322722,20.229804469817214,25.395655879199808
18.342208730830333,13.387468540802011,17.101134590086957
18.894108732972768,15.064282780549226,18.852789920548645
33.01156309879186,34.84194066677805,29.413992972719427
15.98937263440192,6.7699461373213765,13.347447517325222
17.36437726083825,14.304831017903933,18.334837440843117
16.267860822980424,11.874834974549309,22.91324786734954
15.759827622468574,7.675946934800949,14.018456668706776
16.590340109575003,8.854777407761441,16.999410670855468
15.483182915768182,13.655505302457804,25.36565484180109
13.055454227942274,9.50873139690906,12.026757627504594
14.544409387930223,7.9915363926620575,13.520422739045301
15.063055955837271,4.935769554625193,5.785526140918051
14.125812213831379,7.238052974147862,0.0
18.45187527922147,9.628339558654506,0.6967185822655608
16.0368466998292,3.6497676137100754,4.071640656312923
15.62169847249062,7.933657936788477,0.0
19.278267554722376,8.050789924660057,0.958613999191229
17.43079020897229,20.655261890911305,9.092788027813583
15.842059668476814,9.186152835032425,0.0
18.52555419784291,10.670192159736999,0.0
12.682182780961531,6.2165745989466945,3.4278428202723887
14.327443404644193,12.969387159080883,0.0
17.148165095639918,12.930025886666371,0.0
13.886074966156333,0.0,3.975513087606899
14.266635065218994,6.652508587482362,0.0
18.41561891389726,6.464469268784585,0.0
16.350587091681202,1.2936073864785491,3.8767720541112283
16.351000548990196,7.534751333382895,0.0
18.377146895502566,6.001182286696905,0.0
14.233060828272937,3.2448939552856384,4.362066138667657
17.372876450456946,8.280020108320077,0.0
18.023550199163466,6.281778449249648,0.0
15.057758776550694,7.684980406490545,4.690406023193816
14.146410811406657,10.129278772694715,0.0
17.40592498942321,16.81842827124841,0.0
7.094543318711526,5.927081382476142,0.0
9.948983109612222,6.935393032109318,0.0
12.172191120150584,7.978800218709329,0.0
9.42557789177929,2.588777964080351,0.0
11.305603875271471,4.788545277721131,0.0
11.405340934681682,2.5230173571253833,0.0
12.946197840921169,8.762383391777494,0.0
11.885075943789614,2.8092348989540783,0.0
13.704904712441074,8.862263749085042,0.0
8.321760471906398,7.218466803637993,0.0
10.669377738933623,5.319307588043978,0.0
12.030090332560253,7.234069545831367,0.0
8.027606191071484,3.4893594041074305,1.6946065649833741
6.6747537664428584,2.029363768631749,0.0
12.10158566615673,8.509996039277315,0.0
8.846726645461395,2.1263161119337646,0.0
12.404338662289424,7.094754862531623,0.0
12.99624370280145,8.004049485291853,0.0
11.210032611962184,7.08585336407206,0.0
14.185345524126433,7.535550901615922,0.0
14.306893950323856,6.989869744519868,0.0
8.81580694372056,7.226208392358892,0.0
11.45405337091444,9.717713931805324,0.0
12.717542387906125,11.728345751091016,0.0
9.87204878628632,5.6145605519259325,10.810996123620384
14.2138948421872,9.1922355891392,1.1676096141847125
16.907613207367085,7.903659080886099,3.799495799502637
14.370037683722556,0.0,7.6741392346307435
15.495988205498703,3.7804304548662775,1.8717888461834065
15.800142480275792,2.096642219638233,3.91320103043995
11.442421525661342,1.3226681841979016,7.532678096643721
12.568013414613247,0.0,0.44012482634414596
16.825769971974797,3.1312497976151232,0.0
7.147908641426297,2.20152197298086,7.668886784369775
13.967718785176398,2.0997070632310812,0.0
16.032224850955398,2.356449067128973,0.0
11.918809049286658,6.0425409211771255,10.44176179146234
14.196330909569694,10.634947128304155,1.1957193806721023
16.744493788903213,5.52875481402042,2.736767561605973
15.153127025869551,0.0,6.1465927178265645
13.831047707745567,0.0,0.0
19.04804812892812,1.0920767873325299,2.5820925841541964
14.275365570766061,0.0,9.045821777344472
13.364485193142993,0.0,0.0
17.795123269502255,3.6283415284536424,3.664093934125461
11.000206028254487,0.0,7.656275438059552
11.475575905593312,6.658226297043845,0.0
13.586289062970582,2.2112368072836066,0.926828575862757
35.50684455132344,26.845773615840454,30.188182229890614
24.988659272854647,18.36686935349251,24.702487736937968
31.83930154147923,26.73242786105504,24.45005105743583
34.072236104422146,19.053238746375122,31.528869585390424
23.150320089903943,11.40404675593036,20.992315357706133
30.81669411132287,26.888227805276333,28.57227671457693
28.818592022687746,36.98788439602568,32.60829694592502
18.530087354650796,8.83651724304396,19.90534434570243
23.267566631407192,14.820682367406421,19.86499057138211
17.719649941351978,24.8670389745994,28.38977605746038
15.719282513242241,10.172486569754833,16.81195607542236
22.999614793549156,25.36736158172788,19.53413363560294
32.93028569175367,26.06235427086411,33.337438154770496
23.459613043943158,14.68808478467392,18.49876908937027
37.16130455776862,25.294697936208948,25.38101413535408
34.189956493540954,17.917073630450993,30.273979350156708
22.26139196943061,10.041146215254788,17.54463207473073
28.9434544225937,13.910934192256521,21.63688084371465
24.87964473318412,32.56715557200578,27.317992985368704
18.378621018629907,9.647347312113338,19.400824373283427
29.340226297904493,26.15718776258067,23.120500503449435
18.99941754175177,9.915946882549335,24.119526991840416
18.22694235759692,16.006501808097887,19.65570931753291
23.869115825067176,23.93500100855303,24.70622568761307
26.632636325819966,15.96399681035264,35.275115394875556
20.191534432738884,6.76781833715763,30.12848421406133
21.905600246582463,7.165174609955574,28.40406712289962
33.42843461183985,22.792665196804588,35.825850215394155
20.068751418554378,0.0,22.49176374727419
24.25325410615018,15.126333857948392,28.365917727128505
27.727547456429665,17.612607206837772,35.73053717688538
24.129641674897805,10.154434398232839,27.05495388682607
17.205767191780335,0.0,18.97868503470825
27.44798065547699,17.441212838607996,34.86116362795691
18.39234481082528,7.2592801651175645,23.20266903878
20.44740818277472,12.322340510973767,23.862713868954515
25.758137495412505,14.905415112182258,36.20874341571245
24.108687075843754,4.890084444740842,28.768468516553796
21.742716915965616,0.9249295397302204,27.831679816386412
20.39494306739392,0.0,30.69007216455482
18.652319455083926,0.0,22.539336026107435
23.98957890200762,8.326314027160183,28.41080503443898
22.459886811977515,3.158037513026677,34.788507910234685
22.36839902734935,0.0,24.484239212269046
19.91184836840806,0.0,22.946914303323496
19.765066946217658,0.19733396329362884,31.701041905513208
21.43487154771431,2.3514311006394104,24.117988446160226
22.097153544386288,4.0263065842289345,22.761329455219652
16.099213219013492,3.0504057182266244,18.252972211320753
15.312263729162993,2.610703110589884,9.71786129632811
19.60648130283476,0.0,10.221904710028369
16.702722148122547,0.0,13.00560030266972
15.689906299009655,0.0,5.645299131940504
20.045486953809053,0.0,9.554065159916263
16.940819597647625,0.0,15.200724826978131
16.10882328190565,0.0,2.4547532703427777
20.717836865269188,0.0,6.656169259235369
17.232193238211117,1.9296861164839918,12.596101142282876
14.799172186531557,3.0882583245928603,5.739991663322783
19.300616261605924,3.93002666842623,7.341047795869997
13.893261530165928,0.0,16.04340534965928
13.60292338791135,0.0,10.798303565037344
17.822657079274563,0.0,13.37427770510331
17.08336025190752,0.0,14.622705262005553
15.11883950479942,0.0,4.9905507072959665
19.431775411030635,0.0,7.161864829071192
16.640191099351874,0.0,9.184520489021395
17.140452852436606,0.0,5.328112015056519
19.25734525912867,0.0,7.78929674546589
13.554340126894077,0.0,7.919540318331286
14.28280201819957,0.0,0.0
19.256595486835575,0.0,4.125054547949034
8.15264869079109,0.0,8.833991295255572
10.53606718444495,1.2129357886065573,2.484918997957095
12.011550596195901,0.0,0.0
12.456475587873237,1.3924930225130672,7.177229401378327
15.689196876232083,3.9198090761924087,1.7670846179954225
17.5370643017363,0.5923640030310084,3.459511457263744
15.294299748311154,0.0,4.4539829216824955
16.135069724457136,0.0,0.0
17.478979279816134,0.0,0.0
13.709934981191285,1.140910533827758,5.284685138189502
14.750587917160134,0.0,0.0
17.15352133452031,0.8910623960750319,0.0
6.931110255324702,0.0,9.731751751991027
11.48030315902565,0.0,1.9703949938141108
14.420723091774189,0.0,3.996350137288971
12.642200497227483,0.0,8.52414507765225
13.423492044182874,0.0,0.0
17.141822710477477,0.0,2.4738421772140384
13.900451079328882,0.0,4.7651925371552295
16.938779340440398,0.0,0.0
17.92759891222311,0.0,2.5713387406328536
13.780102631560434,0.0,3.7616170675824634
13.12938912371367,0.0,0.0
18.84086294871496,0.8188338178321042,1.5371420600796881
10.787125950037703,0.0,22.098331044400368
6.410237537051994,0.0,9.22796483496171
15.143813366241638,0.0,12.519702068407312
10.242282466058501,0.0,16.285193546735712
15.612659765989786,0.0,12.597995170870604
18.578799046717243,0.0,14.747569283472757
12.515836635754043,0.0,19.50791112302518
14.012105560554243,0.0,6.585222423544934
21.07417210193494,0.0,16.00220912237198
14.465250020983195,0.0,19.953581582585045
12.158323413258394,0.0,3.170205465157707
20.20404538677466,0.0,8.391573215683081
4.799406379188915,0.0,17.849191525279906
11.57143390113293,0.0,8.721972539923826
13.964725935032574,0.0,11.518758683027528
11.26807834454281,0.0,17.57059257919451
15.167653832590236,0.0,8.744176113078979
20.637599973197066,0.0,13.133156673826107
16.53618635218533,0.0,21.932460728855503
15.453442872617078,0.0,9.078629589989902
19.36676909644707,0.0,12.882392309162611
14.220364392084752,0.0,17.373139096309984
12.379461262507032,0.0,9.072908412097647
16.578641686663534,0.0,9.212935055944982
32.098811448899305,31.986201553200303,42.036354892473184
27.539944100424655,22.924344825126237,36.14835587854486
28.7380486050718,11.018883615803789,32.022695035916655
35.78611174164042,24.022457466394037,42.71532641751335
22.23478081755756,4.616429744561455,30.071840574947757
32.996356801659125,26.521479441605713,35.36049839790195
28.894043385322128,27.5035735369547,38.765572479480994
23.7459730359519,9.9708090490004,31.294288187123342
25.429747676420806,19.30230083445094,30.633847009558224
26.738354270262388,26.976573554529693,36.737224951425986
16.730894883560353,3.92063390949727,21.389286371748355
27.58966385768867,21.13553687489815,29.623392790765877
29.83907914194992,15.18854223739206,41.409551619782334
23.501172009007654,12.221159791535094,32.031692632336046
25.3849702629725,8.664357440236957,31.38176161702603
32.234104587764286,9.702463805120908,40.43152839919436
25.696425736705084,0.07109348010998717,29.078018723795722
33.35977333632481,12.813726361245706,34.04638929103264
25.810279469939648,13.116117220281138,39.773615830147264
21.43456432810568,0.0,27.12365138526124
27.494989754165854,17.32639423463988,30.933592416177547
25.66568978552151,11.8363978061317,36.11135869756353
22.749791970555396,13.216198581957666,30.79010338802604
24.815338436677497,15.17672069408377,30.049527102726756
31.397383924067146,33.76391664937716,41.51591690471875
22.62225302074114,13.492679033191251,32.308577021044016
31.681157229432728,25.884083869197987,38.40232991793762
34.77472521785222,27.266201646229852,42.71631299955786
21.101904055342505,0.0,28.584384428183895
29.079289895301876,16.306500445133423,35.796742182003314
29.749880214046396,22.210845871301743,40.139592357329406
20.120406581843792,0.0,30.106715100809822
23.409222587575293,19.272399919587578,32.66446807053768
32.9101637853241,39.35374146255386,42.57573633261764
20.116371727336638,7.719939572917198,29.45501483812798
23.184406974459975,8.741157094267265,29.948157626745342
31.036283286865427,21.57491797782906,43.24567305893147
26.413589613618164,6.603523659272045,34.63148534133552
24.710332463585623,20.072461583029263,34.4312331992829
27.711522268388123,0.9820773832352137,38.30446792113861
20.275627324525637,0.0,29.110401173295628
27.186729505579443,13.871763728955537,36.061110788168804
29.83423725635057,15.673210608681991,39.28388777121249
22.686150087103584,0.0,28.42413608471709
22.9296396151916,7.98060080698717,33.772921298407965
30.998663631375987,29.567020756043135,41.14305989473202
23.579601645869694,3.2488842475338586,28.79445049609174
24.061034019614524,6.002752005334551,29.93653093872453
13.075708714487678,0.0,21.601742201496208
11.436375022465395,3.506077976824999,10.990618211567664
18.905169880589646,0.0,16.986445341927094
21.908355297724075,4.164590480377871,24.26422711795759
14.622638845259504,0.8700392529153467,13.878732823169386
19.47793028034917,0.0,14.52860160884434
15.808793237449972,0.0,16.409180392961318
16.063610637694286,3.1581318512034184,11.455804116520625
20.162904814155063,0.0,10.860409956305617
13.949921339481781,5.172933397139634,19.042402918575476
15.712323483810518,2.094781686302123,11.536488885094442
19.314094152916525,1.6993054777891714,12.152249145400518
14.212023736362909,1.1291042580547705,21.703931837827355
14.614399885590881,0.9110477976432851,10.47991289635462
21.12733323403186,0.330038873232249,15.844749796682152
15.85997146994253,0.0,20.551853287248036
15.000943867752085,0.0,12.289803321481827
20.708416944012615,2.021020675194145,13.097043420738572
16.65211121859483,0.0,18.460705115034557
17.699904293644487,0.0,7.725100517653587
19.032596414264262,0.0,13.781285086970314
13.4432609812748,0.0,18.29553039034387
13.096691261283443,0.0,10.314383329925292
17.805144705570832,0.0,8.861637423589457
10.053299038420489,2.8452176443954915,13.970293927614037
10.524234521385685,0.0,3.875626058592303
12.354769568577435,1.7115174347810391,6.14801405243476
13.891716226904926,5.1149401468779665,16.608609296018955
14.918370122602521,0.0,5.554431595798448
14.795864100122094,3.256079860128448,7.210814884359351
14.326013294848408,8.402161148194118,13.905006313295516
13.929629909240667,0.0,1.5085369822899253
18.86440821982041,1.2091878042182247,7.181813203745975
13.747578192969689,0.0,11.307983661905183
13.575814138404406,2.751278404418105,4.841528693378905
18.844583323295826,3.861100708705798,7.032153801503469
5.456618558277269,0.0,12.525526209653393
9.945472747480785,0.0,5.963721868919407
13.094919334473666,0.0,5.892143691013132
8.230701660274722,0.0,12.42005317242203
13.887467889608196,0.0,4.79515433523936
17.45868139914347,1.0871789336614246,5.661502240993315
12.562111708616161,0.0,9.82888166029781
13.727943167313477,0.0,0.45998033915417125
17.302301951765617,0.0,5.24074226416829
14.657872659310001,0.0,14.169206300312567
14.615123921654959,0.936706458809885,3.5775570926023192
17.902371914335387,0.0,5.056898801669618
1.4528496993202156,0.0,27.255855979213166
6.23843014996276,0.0,14.636949810432682
17.188022419928064,0.0,19.930537302341236
11.256812479751524,0.0,23.691919775120027
7.08203104105287,0.0,15.46704340131285
22.386607850504873,0.0,17.368694997995533
9.08556717535288,0.0,23.656214110974005
14.523574406457662,0.0,16.151687069673244
18.430637901461154,0.0,18.40249728106592
12.001900706783793,0.0,23.991488152087896
14.062016220071465,0.0,16.183275585914743
17.23109691034881,0.0,16.742179648415032
6.784854243523979,0.0,24.663941263332774
9.52518057723029,0.0,18.006274414405254
14.911109054170947,0.0,21.141510055215065
14.240044026654406,0.0,25.971760411261755
13.49725487598143,0.0,13.593728907054796
17.390219832101803,0.0,15.861001492714166
4.9631256713261624,0.0,19.54165467701216
15.149003017865487,0.0,15.742265574943275
18.470842170849572,0.0,16.50583475996342
8.547440711636265,0.0,18.505006149424474
10.143190360259522,0.0,15.882850201207077
19.889222467486395,0.0,13.405468650311363
36.13863130245639,38.18094382981616,43.21491411569269
23.109668615418236,0.0,30.57709174112695
29.187381128325175,16.57278220097254,34.50056318393976
31.836174447482662,31.856948055612055,43.597171161493335
20.777567127482737,0.0,29.558749792675698
31.910428992017614,14.905030864096602,34.07633594911786
28.66098724315419,17.492736628878347,36.63178050980889
21.50397916499848,9.053005403214533,33.633108578297666
25.824748027310974,24.37646268445297,33.405665203949226
25.404264384144142,24.4688049196832,38.13135660576606
22.07004313632721,13.514351861229144,31.243096243162185
25.411137556291056,18.500583463687118,30.047769822901316
23.69661655185242,6.3864176336315275,39.59698590988992
21.43387473444963,7.521456536730238,30.723694830053958
30.371004788671605,10.699968473665322,34.25585874380914
28.605575996605506,6.063404141198627,40.950939383426714
25.467553157680847,0.611929352276217,33.62884796566313
30.110896323581507,5.868141890013617,32.51230278720044
26.16079225479842,18.062916134487136,40.10829080245486
22.519469842908197,0.0,27.865653187848025
24.93972175124999,12.303937153507603,30.047170826218164
26.19320291284874,12.398688288975562,37.09420964588816
20.808115529181343,9.345419659706309,30.210262875342053
26.473945689405383,20.99357795103574,28.72780803971594
42.389379030222784,38.69277781006148,46.36404553556986
26.643702070606594,6.2134125267384865,34.295744069155134
31.736571756708347,46.766864166072466,40.5156389504522
39.14784939601112,38.13591504558634,45.33426022158402
28.112940744806856,1.4497785249540596,34.55350585961966
24.432082755414704,11.281779695813396,34.64347132940354
31.042920472063685,28.685577415621143,39.24745253438459
25.950360356710192,6.6960506225669105,35.69534633155001
24.690185431178648,17.556204376452925,34.79821560489704
30.12448115407224,19.468464032926317,37.70402721630184
25.565660741346296,7.524469379388138,32.76012958789174
24.61299990743573,11.002878445840448,32.80669229582777
44.40193662088929,38.74799076686169,46.81305166428032
27.408185621986988,10.183986745210557,36.6282265615763
34.18179476990427,35.03096922809908,40.278447609449586
39.85597813289344,27.41590702633655,44.46479824356082
26.135127902864305,0.3547753557201416,35.15066955369207
25.904265434977404,7.5528332811784304,35.90982946192284
34.00871479404245,35.131137070050414,43.45528849012503
25.830048284011163,10.892872979899956,35.87556793259097
25.282266735111797,9.970032408490528,33.766956674406146
30.514027571765126,8.423253695044965,40.4838996517379
24.754232662505107,4.96250269853166,34.35316231723448
24.908263696214853,26.191447399454884,37.01763070131619
19.663385333579352,8.726176394242167,25.062493668551085
15.313875831477075,4.827061944558277,12.535372826306883
19.50448965076951,6.153489654832591,16.51693193823874
20.457144104693548,3.3227902489350036,22.267841191652167
17.778139482733483,3.698303234841875,13.98364663532675
19.35638262599941,0.5079959083180807,14.58803564610875
19.122704228302677,5.216423720441994,19.328221591079
17.593044691751327,7.392793827186078,13.394841933721793
22.092749184352087,6.364692417883911,14.794551434633263
19.087754142453335,13.199331905023177,22.977585607217605
13.272833489119488,6.772486719362046,10.13163511790765
19.454727430472303,6.292614633626816,14.432626656196632
17.896376393595045,0.8642770161319524,22.255981159349076
17.914088850151035,7.05080018771636,12.19362921561654
20.59267498515576,4.703112109697555,12.816308674383023
21.18038087721142,2.0512893861524715,24.053283759024637
15.421743632309157,0.0,10.068803494703715
20.12580469966608,4.554526164122235,16.031329046402476
19.51841409254906,7.167591685836726,18.629902327403798
16.200509553564956,2.9784305814492855,8.592879481950817
20.56393874171532,0.09318207473771656,9.678968630320028
18.249116406047065,6.327645890702447,17.662867031560836
14.213266616736139,3.185667343284889,9.401591801630573
20.371133997442175,9.421863077928286,12.180336947752792
17.75842485415321,6.036426553418732,15.314974190680672
15.548754903524443,1.3973508726358153,4.948112943671745
19.946757553735047,6.396796683344734,10.162414543776634
20.618111012005883,2.8081474606478505,16.170837579964683
16.684355904032998,0.0,5.207277810506881
19.836259333581104,4.464546684225196,7.1493728693496195
22.159531053238346,3.251503463528953,18.253183801447364
18.190290400504537,0.0,3.6667332730195312
19.755115212418353,0.12465049068314249,1.7099928739465753
20.78619662130199,1.7163574955239602,12.210602037072462
17.24994034653442,0.5477527543659055,2.3539465434934925
18.807959376095123,0.6827136040100401,3.8727188374443955
16.82143462666714,0.0,13.946908707924734
14.621604578011816,0.0,5.425158228410751
20.339843107293678,2.455552322822969,7.853110988580809
18.42501520563655,0.26128271816661663,11.933164758515673
18.09484770206645,0.0,5.390374507276476
19.840274538935596,3.026754393163991,6.55053554640233
18.878272319766257,0.0,11.10222929624797
18.032777712994253,0.0,4.073742486959873
20.55491158608449,1.801877021596766,8.829516356087908
19.327798393812017,0.0,11.80203385724596
16.98035956688132,0.0,0.05952445612400936
18.996348080620965,1.9060467769606149,5.485315334442404
29.830140681838348,8.494710528105806,30.290139264253142
20.040986357641128,0.0,17.524810433321676
21.45163919389833,2.9070514109026844,20.350211262417588
30.560478778263697,0.0,27.264156650481013
22.95172876574819,0.0,17.721170228186338
28.57430449416554,1.3770680645122235,20.35277778599358
24.48567616149987,0.0,20.575734646178034
22.04184643559963,0.0,15.4208142889604
24.4421285891502,2.7221135660975424,19.254971901049984
24.882759714535826,0.22912325897911257,23.79426577832689
20.728126807536952,0.0,13.71066093336296
23.636221229317606,6.717100363739417,22.562858984607885
24.584320025222798,2.6922203623594685,25.132738921943698
19.59305600043624,0.0,15.39190818898632
23.759829950644114,4.945157815878089,19.701205141823763
29.28681762431768,0.0,28.954494755397917
21.82444987176227,0.0,15.440761299931296
22.00935757604716,0.0,12.086720553997665
26.64904846477529,2.4375986758704205,26.847198097024005
21.371706359695576,0.0,15.457768566100043
23.593906184376685,0.0,15.546862253511975
24.97197416222133,0.07839587535690806,23.488351433664363
21.270222702793475,0.0,15.586190046313178
23.129859449743464,0.0,14.075576951731392
52.52098365903946,49.11143333786704,50.72732847990409
32.3610658850348,29.233550721603265,41.71493513281881
37.79651072826972,34.561751533942214,41.45087251034454
46.03692791531296,39.410417116852805,48.215852570699624
31.153967779943233,11.654802821993783,40.68971215626732
38.14045618771027,45.86776677844967,41.042050884855215
40.412783458128416,55.63909260350367,48.73684309289473
28.19670613871608,14.96096919931713,37.059262980938286
31.37932974234191,46.53824939823874,39.937943833167395
39.29259144677794,53.9807337463488,46.36701598160599
25.479045984635903,21.449151952235393,36.32361328101993
30.830282609058624,53.565847661838305,43.101318133947615
51.0770169530786,57.23574409570192,53.32804206718919
32.18526485757339,22.042263240596558,39.62547704407896
34.346044422458306,32.76504619201555,41.05472089964671
47.60661560220793,34.38745715575802,51.35083949029017
30.525980329265874,9.020846447262418,39.282391093332336
34.279797665179494,41.476559528453045,42.10061275954935
36.589648966402386,34.31052510094174,45.16013602954743
26.562311509631186,7.152482115649463,34.97694361746383
30.841523685379585,51.32030928072602,41.750776340607274
39.329564720527905,49.39635360914001,48.01900230744003
25.777638108896337,13.679717824949872,35.43031333912097
29.511028780399066,41.08177655257534,38.75034472567421
35.411098270476614,26.66975290986339,27.014686472443046
23.10981711777068,8.909127124494303,18.45191264109708
24.601018661518445,14.955020045852716,23.16864733846657
33.866816799825216,24.175685675745477,26.21664598053698
20.85054081501433,6.22540790125329,14.266452290468266
21.847429943761583,8.504680946855794,18.034381966597266
22.842415239547673,11.995824051262538,21.01990752329236
20.77373369190177,13.206846577054353,17.685191338889794
18.41956619869333,8.14808748037877,15.884575102021117
16.444725460556473,11.028990974783838,20.59237955663974
15.06874658636676,8.82031937790212,12.339705899441569
18.50056143309166,11.973318863474578,17.099012048460622
27.933172459862583,13.812135945482854,25.80164190950441
21.55437031107359,5.082942109744905,13.294298970185991
24.41846894094004,13.763411391916161,19.207385017698684
23.564534304333044,0.4407185065631969,20.87757154580501
21.539286983635225,3.224908416934092,15.370019580505812
23.819953887872252,14.112586753322924,21.0140326938933
20.976340211346965,6.063711158389257,23.044450731372734
21.33983900693618,9.94338575427154,17.0172799763089
19.453467469673203,7.903688658241843,14.393811394522942
18.837197538115277,2.5889327997298137,19.719175390428774
17.807626579291917,3.3776331496367784,11.167259494407062
18.46741725936703,10.798880478839557,15.766115886216312
13.6598384018083,4.093575502101495,4.245506679699815
15.20611991354754,2.5214841417507095,0.0
18.477970446507012,7.5788558092347005,0.3312198043107628
17.053045392765075,3.862758226959305,5.689723315741304
15.40419476756433,4.116964186971428,0.0
19.292014425898255,5.171519741229903,0.16453472643092937
17.054876354825954,6.906393432243155,1.8879121126506249
16.018317694579203,7.93592373306943,0.0
19.243664891136216,2.465840393441897,0.0
13.537494820578399,0.0,0.0
11.442269171717388,2.643909812065439,0.0
17.23837156032477,12.858982197410949,0.0
13.583125351118358,0.0,5.187300487383766
12.494805217546372,0.0,0.0
18.27827135128508,7.015801626659424,0.001183864316729455
14.181986417415455,0.0,0.3424618861766504
14.755117739296093,1.3834727908826017,0.0
19.001402996908237,0.8802458412337544,0.0
16.51445587348101,1.6686112989523794,2.2294837089952324
14.110258760117503,1.7566610666180227,0.0
19.051750150911925,0.37257695114356726,0.0
13.638532728599007,1.414640653774517,0.0
13.289907761552147,2.0570291022643183,0.0
17.815979575805702,6.342262282907423,0.0
12.450035912788522,2.0858391292597966,0.0
11.974654790637842,1.565929330699657,0.0
14.08713685834278,2.5877695907271168,0.0
15.006954082866077,0.5363082121218621,0.0
14.7554731230644,0.3611390366163225,0.0
15.309408138695456,0.0,0.0
14.613901089899546,4.797748727731933,0.0
15.967045433065223,0.25244230478519314,0.0
18.892848308378806,10.165334360476873,0.0
12.04693396987791,0.0,0.0
14.805288671286538,2.616271734038161,0.0
15.694640088013077,6.047338796189063,0.0
13.069963650708836,1.2385509119586102,0.0
14.974609344517303,7.744921463141237,0.0
15.341694346748167,1.1994205256829393,0.0
9.544103226277283,0.0,0.0
13.271435068062303,0.0,0.0
16.535136509975526,0.0,0.0
14.189496995245738,4.024357901221606,0.0
17.47684373555494,6.741840869672115,0.0
17.669398946025204,3.313581513185753,0.0
12.451054247564453,0.2853973607762672,0.0
15.73916568131764,6.721476659604425,0.0
16.0847726412239,3.7491800146926164,0.0
6.678004262295499,0.0,10.104450371353693
11.739788584068869,0.0,2.2987729298652226
14.319654709362709,0.0,0.7982079785747942
13.483728358955915,0.0,8.6143495426888
14.068698998707658,0.0,0.0
17.07092974393976,0.0,1.4696651926250581
11.779850027803745,0.0,7.575872453392378
12.902905263985076,0.0,0.0
19.158200664428936,6.009311488562562,4.303726465722377
8.996613459580212,0.0,7.073050719175384
10.284215273303525,0.0,0.0
15.174029825456367,0.0,0.0
7.502855560067784,0.0,7.893722453985532
6.652772837075722,0.0,0.0
14.08252405858573,0.0,3.1660478006905635
13.526287019585887,0.0,6.11927645384057
16.42238158623933,0.0,0.0
15.776874310493989,1.0074660999914486,4.862884831003811
10.907911795918858,0.0,7.279713776860035
14.319686823769494,0.0,0.0
16.542195844092223,0.0,1.3388322885057846
8.090433044168357,0.0,6.497665040845888
11.705234233882445,0.0,0.0
14.792226724407227,0.0,0.5631176435606733
27.816132179981658,14.862591968127141,30.329022253623634
20.65296112952316,9.877691504361161,24.526918035031002
27.998627611554827,18.13856691433859,21.83781084112681
29.47755780750464,15.113329562819215,29.86965089924766
19.86947896078073,6.510455399661014,19.347038952828015
24.86892135391986,11.488803232354494,24.133821664819592
21.289007311486003,13.637225373104515,27.81359111769774
19.13601143386272,5.619286897712829,13.118482337985071
20.878395799491656,13.127165267015343,20.29548415416386
19.145450291996205,15.260845367132108,23.565578075854674
14.233968911982018,10.849837952366881,16.087272590433912
21.092991835021838,14.892115776193208,22.022855560820318
24.233879500285532,12.291855742550748,27.925493280596072
15.862547740388536,6.299547306336183,18.691953132839387
25.553303581715696,13.510428172596981,25.87761054076303
23.02431670238932,0.0,29.29622635669368
20.54347489769158,6.316375967648761,22.94743620770717
24.7691653976311,2.457199210227606,18.744935429726723
21.560965965873102,12.153217915519638,26.932518136199377
18.112738190385798,6.85472556616403,16.606826846817455
24.26612503778472,13.78214584539295,20.90496288035318
18.621160875121173,3.2502439466720228,25.031708418877656
15.242210944485093,8.408446859203345,16.381771534135368
19.387574430614507,4.649594103796158,17.726630817340663
46.275607865859236,35.78035748770387,38.9215217834311
32.3699126132858,23.436133587273265,30.09582126902373
38.095340574138106,56.107466372074235,37.72681502895303
48.116115694448055,33.97052527034188,39.20249461872331
38.78346110388613,23.81616090543169,35.208802213133694
32.92324179634743,44.21576963610398,34.76471556572989
40.303220036507305,37.84165822432766,37.349255969207675
27.53410815078874,13.706896133631279,27.365239817635825
30.8852353885287,40.40806886022103,33.25400849738628
40.26035489288101,40.88519102527229,39.820664962683026
28.91564979019416,18.74088229923704,28.098963547332545
28.399535271782838,31.940112720993262,31.608477004917717
42.252227008725285,42.441806160698654,41.8720216689762
31.03808697849513,18.725716289848577,31.257583018174415
33.41636328165205,28.897938146782984,34.183063981733284
40.16607403635366,22.784546775650938,38.74440692042029
28.222318084853203,4.465782661585105,28.9479526316628
34.68703918692412,42.76831791063386,34.97134329063243
43.792094015121776,50.63378490786114,42.51446423173874
24.452324621877946,9.765455592101898,27.743553545040527
28.222064236995955,29.722322416668085,30.548922964948773
35.311725968097825,27.541688848197253,38.81686908042397
28.79001897073848,17.234036951129227,31.798394260140554
28.2776436497829,28.225404964784545,34.02144834207995
19.35883038204937,10.7363145887985,21.537695556174583
17.253832544851377,11.436663298644252,14.212482124251693
20.450108937944755,9.159992564137472,15.198700728657855
23.528644064883323,7.602926337081842,20.20588475037961
18.967654097386507,6.6854557423167655,10.974716038472963
22.29590970218677,1.89916464639314,13.36745946281873
22.604482179108164,13.786084230788864,19.76890743905905
20.42273051819059,17.71117784904692,17.44183427946581
22.430706159899568,9.704581977613056,15.088400722560777
22.538472162053054,18.39702306221853,21.669503451347083
16.808759342231525,9.744395351256488,8.658892543724832
21.114556848779266,14.59549739134954,10.718375899640478
15.188820185911752,3.617929672494657,20.270468133824693
12.839103098222125,0.0,4.915611898896017
16.93548586055602,0.0,12.174760979322201
23.24365987208894,1.7471255038102074,20.244465507723675
18.84772100145248,0.24195913625017273,11.023111177096041
21.23794071527003,0.0,11.71870436660356
20.88192713667434,4.32641552730505,18.441297532992635
17.564431070731658,0.0,5.496081098133345
20.08312158006605,0.0,6.617057741230781
19.48591230704672,3.2883976034387774,17.31842756701859
15.355578264976009,7.63218138956558,10.63857336442176
20.59761046927659,4.268503523011785,11.968904680454173
17.485813528811857,13.135127154567163,16.7646594536226
14.09625926427395,8.760018854385688,7.056768212425268
15.42439942741117,8.69284732786105,6.141222424831483
26.086315542864796,29.477419316790204,18.826670866058564
17.278514730363597,4.31395704821417,4.656263944311405
18.689106813084578,7.445619309121028,7.717248890359727
19.72097181564383,14.895789997197406,12.632551198512871
18.442291683470465,3.4817022831513134,2.157412404648653
18.67180539738968,1.4312052414229692,4.361469105226163
18.17908149915319,29.9453040056555,11.847088115602844
17.21926599931383,9.950445509690727,4.147774849903243
18.20238870997106,8.451457739229069,4.759624405549019
16.242286514146535,6.7097464632913635,16.431605415757033
14.140450848802924,0.0,4.193841757184842
15.633723129729056,5.517617658887028,8.427469930773768
18.85754110189595,8.422440537577728,13.3790922723432
16.618259072742884,0.0,3.819572681805141
18.656853724684936,5.605644272780788,8.770646897627614
18.559904163674506,12.995420991595662,14.11024238392109
17.648334103543156,0.0,1.3527025975506035
17.937048875365903,2.1183981057783443,1.2252468414424555
15.954739402708231,5.563110791387685,9.654062290598517
16.39432127679654,0.0,0.0
17.79803737341033,1.6526347688814913,0.33364925577913596
12.69415786778574,1.571231987933872,25.30336201343175
12.64732855554602,2.579528661821535,18.874079519798954
19.468778427283027,6.900971726315525,21.013026178054943
20.55756041707327,0.0,24.741159398429318
16.679214731371292,0.0,17.273749840598214
21.6569599021415,5.0416317661268915,20.743069329937924
15.712262400688257,0.0,22.191168414267608
13.997751912493444,0.0,12.855425764789459
19.934382587808816,0.048336813266700585,16.00432088199483
14.99639581065074,0.0,19.082148917422188
16.54394826665805,0.0,12.921321855106314
20.257879103887397,3.4414564601053845,16.95696274745856
17.021217211989928,4.000941146314813,29.549860603393583
13.896936770845132,6.994378287330325,19.304908397194325
17.33068582160107,2.562735170557403,18.626624256190354
17.02422076346749,0.0,25.51934291669994
14.163503942276531,0.0,11.68025290526792
18.925175997292403,0.0,17.5593251345979
17.74920927821094,0.0,21.162385506001584
15.883561351432496,0.0,16.48137597234779
19.153197920873346,0.0,15.3202171292007
14.412915844841642,0.0,18.42061368394809
15.78324364403895,0.0,12.632660581071633
19.217804503481513,0.07335034947906993,15.554678575043965
43.12181696502343,48.92750127991106,45.8879540954058
29.214135164771946,15.398956482298562,36.68036262907435
35.6058159498156,47.129979276766,40.79728248556272
49.15350715380988,43.993519343948805,48.4262614223352
35.653775794378674,30.705576692725984,38.14650476977249
38.47660911681689,39.06717558115833,38.7420870130547
35.956122534622125,38.619335299881726,43.28145682767385
27.269789543524237,23.9006375210935,36.97121334299936
31.975004746504354,37.24196510559394,39.15897431548011
34.12166958725338,19.35805545940677,38.28535503254152
28.223235358327962,26.223662218175704,35.51317744782381
30.807259118525508,20.3338798869626,33.07764447764235
39.11845578895372,32.83070609759453,45.57491323173949
29.991241080755287,9.002266779389346,35.636704658115974
34.70468817644716,33.789497314601896,39.23109429635666
43.59430288413763,26.97130936729552,43.841525577737954
31.913700789675666,15.770117925381442,36.30373068719287
37.8944568423616,37.27802262696105,41.074477370816
29.479389312090277,16.579747393513454,41.47415547729793
24.49663428520065,7.389911243155853,28.726706222098528
29.873604425659288,25.76407919162653,33.92905805250322
30.92114434570096,23.063488267527013,41.056476286982786
24.546850368789354,12.264423677364302,31.84166349051374
31.756757042677705,28.82520950084913,36.212386227432845
59.53700573712926,67.65106380730957,48.91466702107202
36.562277311752865,37.38154850192005,37.49520844684838
37.426272482472356,48.93484943392876,39.00675767343273
53.42182077400339,42.20582452748232,46.8698911550662
35.017168630039215,27.150966047588675,40.954063836624144
33.46244886680624,50.53782223434137,40.25078995715738
48.35424380351746,67.72311533549009,47.612605499684335
33.67269472389617,30.210006455824555,38.61377725931547
33.102642986365545,43.95316812432797,40.91421251249017
40.312520339779674,55.175801668591276,44.00529191518274
28.31698523102122,23.81723158406298,34.1661461907362
30.641314541864844,54.55496892612433,39.05784287798497
60.72032653472574,60.93284242627766,49.808424300983276
30.993853385714438,13.619677326311068,36.65545426394104
35.90433555211444,37.66091507587133,40.47238170057234
50.76283416225394,46.470158083694145,48.510610416064495
36.4675073393958,8.87214830924769,35.61014884759416
34.78254082318004,40.52859221954331,42.624273301976814
46.90575004779278,57.76991019929034,48.3415645764196
29.196580726805376,5.758688712212468,35.368311260383294
32.78037228188398,30.21587986929651,37.15108252243297
33.54485989816066,19.163728023132176,43.202797631298466
31.243861466123327,20.934814526085454,33.50320871807753
31.04216118529511,47.973507202682015,35.34832431738636
16.574732278378114,27.517418878660184,27.731738754520023
19.212123539804416,12.720417647530287,17.755975617325532
22.303710119208226,17.85810190544044,21.383994561883526
22.642904502901246,7.798031890245984,25.447561241317942
21.059374712910476,13.096335877586247,19.745873644566387
21.918358246666813,15.044206385236073,18.534493871477835
18.75866032601909,9.30578809215152,23.51340131337892
18.677046736684655,8.790871002093931,15.678147949718593
23.0471349093786,8.78493974929796,17.930847045486615
18.482295451368,20.67420262404141,25.033776046356735
13.815961703379834,16.28883197464151,12.695745462228558
20.316046696177654,11.211500461062363,16.96795159110934
19.39316701195075,8.160725647783234,26.785831316910986
12.75855298515858,9.075998240297734,16.204727999017976
22.549673494382528,14.737181737503477,20.229070960864988
14.185042778907084,1.3265170966583661,22.73468275110389
15.995530076241469,1.89402052858746,12.085459289947025
22.110846355784737,14.085738858973848,22.313960313539667
23.744913838278443,11.688643252824878,27.60596127845112
20.652936388002338,10.283843460287612,15.456383250720762
22.652306449371885,12.677092431570266,19.166250105563307
20.511107958408175,6.466372228299702,24.111949575900127
16.132436730709365,9.585038783575135,13.97271129975195
20.24047011095998,8.753822491626009,16.76285492646045
15.460971174093425,16.808865848846974,18.922157206571484
16.388762267233584,10.432216293558994,11.435527800394212
16.75189803729026,8.114300042526105,14.22044850009577
19.97926021955386,14.059701457862444,22.92477341751585
16.810620654421797,8.482795641984328,10.630253938653453
18.554388792339246,2.158725413937461,11.218509495171745
18.156725901466938,22.266288446184134,20.34086934642403
18.08837305635248,9.429688489945338,11.035180396756843
17.50513213961829,3.748823753280461,9.672460243479435
20.164290580376,23.474623860705876,20.85631950082984
16.41915001167298,10.07902774099074,8.88010095092639
19.175623953725854,14.337420863637096,13.78638489659771
17.63057512883345,19.773918859136113,21.01722569319371
14.125339174426713,6.877992430337193,10.522247677719534
17.408715671509064,11.876621664054024,14.636409677107949
15.731656262523138,3.071795987518496,19.368301008024815
15.94274276274119,0.0,9.430671819493668
18.341291619088796,4.994766129782916,13.506810474669138
19.378750890249034,8.955968509647299,17.759768030268717
17.75928474614346,11.141864315025927,11.00502062302482
20.230167450713296,15.945901286069864,13.635178777330452
16.9733858634187,5.7789700372499215,15.54703736495064
16.976233446178846,7.620667488327847,11.675333758317166
18.854929325817306,7.405071379577843,9.545138971946088
11.340637228323661,7.717438459320674,30.5194769903823
5.7575310770198,0.0,20.456169653592582
18.775604691564595,7.292841020037722,24.93584630316178
17.74965166974127,0.0,30.634136147375273
11.787354491893332,0.0,21.29104315379365
21.114306152811253,2.1040147852817705,27.4281299795652
16.698308115774537,2.8729766568045463,28.22368914947944
13.397247346756242,0.0,13.851866820186487
18.49906719709042,0.0,16.903416718861024
14.462038607536314,0.0,26.536675056009145
11.236073094419854,0.0,14.319893654267872
18.00484454521839,0.0,19.38747660894819
14.263776341106848,1.01768531828626,32.492016901651084
8.008982620531484,0.5184846920062636,22.336896366714782
18.63764154625014,7.846780102909401,23.64401577497283
17.16611910811924,0.0,29.677074250258286
15.60798831727122,0.0,18.47909983266021
20.47967570273854,0.03603299468251664,25.282155682969858
12.115206981519185,0.0,27.89812845370861
15.227990978295198,0.0,17.033328084004324
18.403435420307474,0.0,21.374153899644455
14.97923805721249,0.0,26.75301719099984
10.616494485352705,0.0,16.598062769354343
15.511521438786858,0.0,16.605409390990076
45.68300651876772,51.565773330708126,46.43698447802528
28.430966398769165,43.217120361966664,39.93809722704988
34.53341034110767,48.51384598679611,41.70600061800414
45.31023210914002,49.20576759527522,48.73813976318942
32.91479507713071,14.661513294456835,38.672552561431104
35.13554214548272,39.03114017511983,42.22065630124966
37.595208182125646,72.48623370119451,45.78425390319026
31.94541696900384,21.05144380094434,36.69192060009671
29.438050921976483,38.48343956876723,38.29183796396748
38.62471812722987,44.03413387010723,48.51355081112473
28.77204542493103,23.40289485518918,36.563764405796775
29.570510248128528,49.37521485611883,40.783335481638474
38.272284412820746,35.42169586494211,46.26572297563129
25.155678087263688,16.395997726216976,37.372290079875654
35.20702557263327,31.12005169747579,40.11901258941684
40.58910243018026,24.229243590600085,46.853601941236676
30.338024045199916,4.989522546724002,35.08081499294619
34.19443029516153,31.851309707925992,40.72514557635465
35.79578556290436,42.502344463876234,46.212684206468
27.03670313134646,11.288006563466762,36.98411001379924
29.398621308400458,27.1791054186612,38.84756481277634
31.228390656124105,16.77927029436081,43.344655413586466
25.19437114564561,10.34287267274475,34.738932332964865
29.336387206889878,34.888622602573264,37.91491261813029
57.87942037236549,77.39448007170476,52.660593496720054
38.35528378551957,27.529348190066564,42.686020861542886
38.433882215561006,58.254389884812795,48.45994916378004
55.13124737490557,66.70761344500649,51.04287722765662
27.99778428315182,7.235169153648606,36.727507352180524
34.19299296852198,67.17870568178893,45.486026129358024
44.374807963414426,69.32999932874964,51.461408305887986
30.912500102415095,30.535497639066595,40.6482605569181
27.723905994629362,41.493176149768885,40.08127279489827
41.38310661996945,53.64251094726349,45.72319030843268
28.301439388902683,19.56342774982856,36.16215067139635
30.310643874289696,50.823686748482544,43.000196176757655
51.125319223593465,55.12118622131979,49.64838768993644
35.76627654256518,19.006527302791728,40.95443517726359
35.03834465631897,55.023495712373176,43.32320585887089
44.808711611282774,44.62951371827715,48.89628679222291
32.50639131469115,17.329021850013298,41.02331060632494
30.726902267349395,39.22691157937098,42.190972247777054
40.09411122256253,57.37267119385667,48.51622789655785
28.565480233255496,14.320777925929086,38.859624456900264
28.728562400932596,41.319416942565454,40.83292934808938
43.63517608710664,50.30838340933114,52.326219828503184
27.267553278144504,11.740220974554699,36.03775907067046
31.214521371583285,46.965249316096696,42.13672607774157
18.92304678832771,21.04664125646142,28.780386070450135
14.914651398596831,11.555318934437262,18.927726947005326
20.8317633357647,19.749291818579525,24.182221435684355
18.555693096522706,6.861770187097438,26.09817534934848
18.829975752438763,1.499926218366594,17.603112503316254
21.404466881173818,11.043242504863468,20.26206132112705
19.378755240756764,24.57695517570766,26.07838466900013
18.38488783412252,8.361901918372675,17.72003068161439
21.31250731380383,9.326290604589946,16.510271575907893
18.46936788843739,15.378276095474654,24.91322497952723
15.80939211738177,10.036469564902045,14.50280379026239
20.336405344990162,15.950253649816728,18.39043189202343
18.58409232529556,6.6069593823917305,27.320171141731464
17.78336239968754,8.570633464197286,18.816939497437133
17.91748395731926,11.315191847128329,19.776295685128318
22.456678662255833,7.105961461945665,30.645792344025367
16.84016700223968,0.0,15.396209074916385
22.242193793581755,6.921528849079869,20.600496385458058
18.51108431050354,6.440837296348328,24.21117937711614
17.094591416695714,10.404084957439759,18.765518446084428
21.805284365188573,10.903722640056337,18.622363429471775
17.778196523134113,10.281095032902723,26.357343488474072
14.604225689376062,7.156344313228664,13.981319954541434
20.87491409023667,20.64969302977189,22.44158031157596
19.207077473812742,5.195307367460542,18.412786077876646
17.310975124315586,2.681609081320401,8.83751376065284
21.464411478007563,13.167318394151284,15.936764254143512
21.587275720550853,9.677705791860308,17.762096940641
19.91150887804882,0.1660899530405069,12.39792817541975
19.044260986604257,7.157670400372565,11.677379542116881
22.530696092473278,12.942393279325719,19.664683649159116
19.16905825097562,2.5217216626689654,9.556161361827336
19.93687014552321,8.02754653096133,10.826095839636167
22.352894701584283,0.0,17.75795688028161
17.842121403065608,0.0,4.9458591448753
20.94386687990021,6.920879738675138,12.581473236771501
19.980004197188865,6.452617962274592,22.41583801130929
15.689100611618159,1.4418950155457033,9.923429694712098
18.21507223691389,5.224887572766183,11.232590750316973
18.448138292497177,0.0,15.616589403493819
18.276984645411133,0.08615625824513362,11.07453187767483
20.08459184923529,2.740212684889519,10.792708690597124
22.727706428438978,0.0,21.05684926176494
19.3802842739824,0.03145335196119481,7.909051579609638
20.702969455569825,3.1724325909892706,10.279588920152705
21.236064856663106,0.0,17.982948002019725
17.756912844728625,0.45575430446013865,8.186909839020728
19.472014234918905,3.3260219268880453,10.075111348413373
30.680617843134605,8.879516787240657,31.015280313698383
21.280124946054855,0.0,21.433572662455447
27.388579102071322,8.94179162963166,24.465132468742397
33.87391553864865,5.522494712410949,30.861149142515032
25.269299866448705,0.0,23.205156238207252
27.16037291431556,8.020707137083507,27.055330766976553
33.75922293100161,10.393377095763029,35.14901648700615
21.930607173194726,0.0,21.244342109946075
23.03552501724613,0.0,20.36780947768918
27.511374709178,9.319694045698983,30.0509816871201
20.562884942169394,0.0,21.020877087851275
21.81406549993463,4.849850185228732,20.20635893834175
29.92095447682146,10.45731187448511,30.302823389190934
22.475523414169928,2.192688991118442,19.937667144079683
21.891350087633697,9.853254891244152,24.19113751062511
33.26389715202996,0.0,30.955868628805092
20.889848946927092,0.0,18.48047367672919
25.99580240384252,0.0,18.663531686169534
27.66971177316403,7.331296605962302,29.89219662579586
21.80380903947963,0.0,19.150597149759747
23.837398541294576,4.059404302285895,22.67484183681752
26.799642199314675,2.6523640275883755,29.02149782072648
21.22619928772872,0.0,18.51250116262655
24.12983239558863,1.0244500257905542,20.015775970153413
65.48915144529246,83.43793880151617,56.32696001283129
39.91542465817238,44.420043809434375,47.963791373800504
46.4707051485356,59.790801470022934,49.665844671350925
56.95365759889545,62.7709198015271,52.84699054344436
38.21730070246885,29.962309524502416,45.82785406571489
42.13391546602026,51.91038446906482,46.672129424437045
47.65416423022086,65.28203993053282,51.652854927013294
30.935516083429498,23.850767250902514,40.783894285823905
33.878679312764234,70.40634952841656,48.754888959835725
45.62727022478568,61.76803533475959,51.96220587983049
32.353104463587115,28.89124613963192,43.1762347141386
34.96043332810813,58.05255220910144,46.6041819497412
57.850071917680594,70.6632893812255,55.086885547669695
36.01320195497412,32.09810486440206,46.50766394206556
41.85583688342706,41.80693663889728,48.47892378961845
56.22032049433882,59.98329703890452,55.506974191577854
35.29150478646022,12.399990026612645,43.867813096006074
39.78845390625709,48.852044877494635,47.25969811843356
43.74589126864444,64.32483309110904,52.54757195971017
33.30688957750911,24.095809422362645,45.75401483234231
34.916159922762056,55.634845337568265,47.5738186635251
42.73247956890127,45.39046035274322,50.1574252827978
30.975067422660967,25.821288893117227,43.36111197785769
34.51144428610212,46.454484694509986,45.87372433279853
55.31500353982308,64.43351515350864,34.78479205095731
33.26392023868357,23.177251932332847,19.821549403414878
31.35536371904882,35.44891194152173,25.29677549692188
44.055344116398174,45.055205030590045,33.19235994775383
30.756688517537434,13.923388876479365,20.698522751197146
24.348370498244776,17.321166731594534,21.271691895618687
38.40486739244763,60.269518516360925,28.879950885619223
21.643839848000948,12.163547568405711,17.606663168643593
25.226115004376872,28.17487250972966,21.628136471404815
30.394590841805954,36.00326525335879,30.21429221950342
22.378374613852706,14.24661618157778,17.569401035034247
23.048015854580708,28.758578652467833,21.955779837172784
40.88358762413971,44.04566276646837,30.86008221413934
23.81682863684562,11.561353443551603,17.255529502274385
29.20023495820564,28.97745545605698,24.162961272806243
38.291349089453284,23.475447628477347,30.591438009400918
29.263351099949453,12.071644172022186,21.332044470385156
25.64739076602566,21.845005093408858,22.387341516906147
33.95040169531099,45.72103778109159,28.794382649619195
24.19261068470435,17.108159407638446,20.40976385116437
24.335685745375237,29.66571271829639,25.2594456819061
23.88490371503699,19.014036431779505,26.87121986788469
22.24426706179216,13.750954529924105,16.910460322386598
20.752413109011382,19.59373702390345,21.055643096770567
16.806452840001885,16.11174820983839,9.746636730473952
16.48942220532011,13.3795635600492,1.5129091165334074
18.794821506071173,19.22687248479193,3.909490987307933
18.689178846397994,8.169368213724212,11.359101243602794
17.882744861887087,9.509493828599183,4.145460696603038
19.53718857334024,8.327819317619012,1.5510743970065732
16.757041319349007,16.48408339088489,8.486518742437426
17.669899655049804,14.74508768275902,0.0
20.56172211169608,16.881868085838697,2.185430101618877
15.276578786696422,13.276396651829824,6.0658475436145665
13.320082693570116,7.219991430154291,0.0
16.989084256717103,13.89425018859789,0.0
17.721954491664057,11.650649179355845,13.773901569198443
15.868855577498376,14.626046995079651,3.954528254751537
19.058131782966782,18.976696863224927,0.6863935600475202
17.479432305028464,0.0,8.933197665190136
15.67783377176382,1.3330267999319623,0.7644796934105358
19.862122349708798,12.392209693947489,4.113753110987375
16.495560297825843,10.845885090810965,11.246926615964412
16.993228337838072,11.499856534711627,0.46925171509258234
19.442126230508443,12.933977872974424,1.3619277128061213
14.267063894695283,7.680168710462986,9.824177568482284
14.064770140131749,7.043529315567172,0.0
18.18487502946904,18.99301876245403,2.0418823540771314
16.600540758821044,13.032002755950728,6.548644889055737
15.252979832530013,8.169116767671515,0.0
16.94046463984906,10.958947248633969,0.0
18.349013608504805,5.812405905046437,2.7438557255655383
17.558157367318334,6.6713621493469235,0.0
18.12211571911922,8.16396092056985,0.0
14.51116824330626,7.341266666162209,3.9139264630471615
16.356664950159896,8.117124303125927,0.0
17.485633659903485,9.183006546916499,0.0
13.726450755658883,5.309401818472622,2.018541675103407
15.043485946450259,6.7301661090506055,0.0
17.126924908902193,15.056456368205907,0.0
11.282584914436775,4.809793860596278,1.7926876584212437
12.605911170005504,4.166725420302512,0.0
15.030275443881237,7.6816154899886335,0.0
14.833158160480053,0.0,2.868641067276556
15.157658286540716,0.0,0.0
16.84004719454016,10.99808904848149,0.0
15.143305063259715,7.245405508536049,0.7993267208099297
17.565943198574743,8.259074697508838,0.0
18.910271326961237,13.34132917463467,0.0
13.537790922207147,5.513298758654202,2.091904479713662
14.500955441663548,4.337417857179525,0.0
17.07262697667636,11.205808771756203,0.0
12.532098239621446,8.059893216619116,16.788420718330315
12.413753130327969,2.140271862219023,5.263101194732798
16.806226070424927,7.594064808049793,5.457420090763492
16.65498893811702,0.6844048533685998,14.246969307220638
16.621257676153604,3.030919738023039,4.93050842858672
15.421342714720176,5.383393002795831,7.1662311636927
13.71189086083412,6.911315896595954,16.23619126605753
12.209505995871117,0.0,2.555058548028555
15.578351428595411,3.4546274164872526,9.245434096138041
10.70533757841045,0.0,12.779327267966991
13.611522441656877,1.7609196470633914,4.652700249296728
15.33993298829869,7.015443502878879,7.55979505280969
11.702082018764266,3.7581266504002233,14.309656636910688
11.50953949651834,8.13363583401701,3.9926143833473304
14.61641621169418,5.864511213749952,2.8279015044107325
17.354343633157818,0.0,16.592781429299635
14.537442170694684,0.0,4.6061752052968075
16.13847417196012,0.0,5.815252752756592
11.42347442522464,0.0,10.487080378518598
11.681450448332848,0.0,3.4132872719521146
15.57990651768586,2.4440891439808987,8.701862024579157
11.02247656526912,0.0,11.6642215587337
13.67902653655807,0.0,0.0
14.369819491480115,1.481537009173861,1.0377617331401723
34.57670887644888,38.682066837763536,35.98925314622868
25.078702046736087,18.231416477922707,27.55131893396694
27.580015220889237,33.78129847662105,29.769115393358447
36.65815622828154,26.44569394060798,34.68566676051658
24.478209830477994,9.240223573033829,24.169282066282776
26.374254442623155,20.558209136605345,27.527069176249412
24.66275305033312,31.09869589443386,32.0952329704523
20.954166339460553,21.670354185221527,25.17352871792795
23.58917321935348,25.071372526125536,22.145265343298846
24.871234834902847,21.62370016214789,33.978629021304414
21.20525776608956,18.36488570022255,22.741009744278173
23.2755098839623,22.219922028192638,26.0516678000198
30.312528951783566,13.25622894061921,36.31701624965828
22.455113528922293,14.510826845329326,24.517403569952236
28.508759397166763,24.397516672428132,28.66101642931163
36.272434531807754,27.26071561955928,32.26779823891377
21.140557670586702,4.469470742405478,24.097411422842825
26.18771817162383,11.707554318360875,25.11723265644683
24.80216616673306,25.89088122451556,30.934818254253713
20.882853537434197,21.053937422816503,24.56695829625474
19.229261618949074,9.824596070262498,24.63885465211966
22.077111924659953,15.624776035365496,30.691764709179168
17.093105411435594,11.227870103723905,21.129002819409877
21.11714969543316,18.806127662849185,24.203378903551993
64.69579870334306,80.38892305976731,45.29290384170146
36.67153112230916,22.29257135751474,32.262746808714056
39.16604371247619,42.230290295913676,35.86043364396559
54.513164148759486,58.81809791218824,45.21302867043303
41.836931865387655,21.783787027153085,32.86735912779022
40.129392425175055,57.90123705763832,38.37832945222992
49.47053339278508,69.68719993946794,44.5832722550756
32.53827940596655,16.932103216566663,30.284812301958084
32.40242003919559,45.438654420728085,34.6806070876157
41.97412583818576,53.94701894011291,42.27176229328293
31.321916977355006,23.660362422644923,28.02319380764814
31.609196781237006,52.30560726909049,34.491960300242184
51.04635589105783,57.554705008221056,42.45869617009255
40.47061608459212,29.12475869089011,34.387376890568504
35.28597646811602,27.02666071746703,34.54749390507189
60.29314811487943,74.18422468674859,44.549713519830334
35.81194849944127,13.557819765767773,31.93229264012139
38.213257580807614,45.29393184279562,35.660641717023225
41.69418386784563,41.62692727660557,41.127118435986745
34.21767410309681,23.459160532496117,32.50626294238039
29.57988342721925,18.36460092996232,30.875864826446602
40.52136680837582,41.32076481723077,38.86908723911944
28.060871115953464,15.457753776288472,28.70016028297279
30.754007065144187,36.84648244081435,34.18177569819683
30.418441966473942,29.791737036474068,26.470752050593518
22.769394285937146,6.2436342991737845,12.691539236169902
24.891943425655327,15.599006076676588,16.629067795984795
25.179037970356482,8.799847983351983,17.2995278455096
26.30006606753923,10.046226706183969,12.227705621253904
24.097410803543788,6.25322095591136,12.697298927890088
26.427926713783485,10.322614806996855,18.568148654183645
21.480862507640875,3.2077994207942755,7.031970887406587
24.648152931870555,24.50015977683104,16.86814142290558
23.888382333456228,15.603761236698016,17.19081936985731
22.082897597180494,7.076716682640428,8.227628356557517
24.86688454387756,23.175420111540795,13.709643894558354
22.11603268913157,4.332498665034308,22.64360516159762
20.544031147871387,2.3011284479465988,9.493532105795666
24.392527518397795,10.972268873626046,16.93418633635453
28.588987638816647,18.10392477244525,22.42028443808195
24.07545756079111,5.578099919990523,10.154564132535313
26.160602660790193,7.268691222269867,15.196118032077663
25.58769795194873,8.165727935222412,19.126552081574246
22.78079610374981,11.229266389417063,14.766535003528887
25.213406726464967,9.656228891815681,14.806678806341225
26.824952095358352,18.21886507484717,22.128411561871744
21.09596484801196,8.985393148873957,9.84186168366925
23.982664105320257,20.675405914865873,17.97229274850011
19.287280785180634,20.01341196195202,17.62053882533003
19.415052209288415,12.428771544385299,10.215188146479477
17.834112088526833,9.164675981167212,8.432518131334703
23.671482593781317,21.02708835669101,14.465291777367
19.89696596686404,14.082487790800624,3.9271536092233106
21.62261267059357,19.89226830156158,10.168002353962251
21.811119440180462,16.721416386629308,15.363973379744778
20.53600710393237,7.113096866078354,4.7265550075889
20.150142415284627,9.671286293227944,6.9754639826771125
18.479166328230075,12.01467346018233,7.961074034955615
19.41252124771242,15.591840219860451,3.909073747148213
19.425651709861658,11.860030077232384,7.318984021817343
16.190061804809737,15.81532284487488,12.521519242911694
17.797216201089142,7.749421893117655,8.383928323402472
17.691852076961723,5.295477968178252,7.770866373090115
23.164151174387744,17.16096320705166,14.830500330745195
20.858927210591037,12.924035502875704,6.979719919154093
22.152424055049515,11.977932769661024,9.645788199876222
20.29290020137065,11.55526209391258,12.25481996903774
19.945646265689565,8.235000022418541,6.034021255404127
18.416104168219096,0.0,3.3631844811124267
20.761682558117517,11.960551012506746,12.914806499136802
18.70215477690302,12.200948954381685,4.0199314102600425
20.476223314828623,18.448475478835146,7.14859746608937
34.04690697466271,22.455410551402863,29.417328808194156
25.914213679219877,2.9687409969113236,18.244131528482868
28.137513561182885,4.981508263809429,20.565072608391617
36.7725482970659,15.028909992117224,28.206723225666437
25.360008465756284,0.0,15.697244087960343
32.521680267107065,10.949311903810855,23.097388249323743
29.631293244718865,10.700894574773315,25.293306687715003
24.839403418237296,1.9216519412944455,19.183498941960906
29.194316718624084,6.112190253130965,18.68384947370842
26.609200266277767,11.581706295393747,24.03362069757634
23.19103024625043,0.0,10.563825746884135
25.67552459109549,16.465959711800316,16.970543031691605
33.571861176645896,19.27039733942674,28.630293848970183
20.833899872225288,0.4527069508565251,15.29908500286787
24.95756133544007,8.26498435678479,20.776648750881748
33.08026930733439,7.791592185834748,27.597576954501193
28.210669717009978,1.7133877013067111,17.78525647445157
28.40567556404977,5.152869914410079,18.204772256461297
29.607997915768934,8.930253602331996,28.363018231560133
24.325790918480745,0.0,15.798246469307529
25.77651410328878,1.6306487742521147,18.23425527842339
25.957634362545967,3.5488277218730935,21.199146705089547
24.410832088754177,1.0666769580298996,14.302575315290653
23.783058058058522,7.1466960060503055,15.846209359836436
55.93819695725766,62.76339483495196,51.058634913926824
37.73365298176172,36.03062039573452,38.11932322273471
47.247027248998265,62.21210184734463,42.98985977102447
65.3952665385382,78.76653959468355,49.861110308233876
39.1644664152048,17.026024938777734,33.520022946948274
47.626076031878775,48.99516691952642,39.27745504274803
44.3993873015647,51.635682319826444,44.535417162041426
35.20360291232552,35.21843688287263,37.70500144964721
40.99957119867362,55.4430682164622,40.11561659559412
39.55800217783663,34.58698917810188,44.99769524011363
33.42991880300738,35.4924125794069,37.27055163421383
36.46944042642587,47.29942233608153,36.34828189468422
54.11780471581841,65.03438243547882,47.28821862820993
36.266071544916436,24.949878677542614,37.87808539338876
45.11885601941387,47.094436481336466,43.55212046186004
52.93246892318511,59.65701582380379,45.67727376729849
38.01583053808511,21.286098633178025,37.43701260277831
46.58388459947048,47.09527179717155,43.0309309097575
41.46678871065934,36.93786902744996,44.426939044240186
31.901384883750946,11.324107251901548,32.590561767960224
37.546666220253364,52.361315717537884,41.04489802861792
40.017093164865926,42.51902448597211,42.50578697989738
31.587643998821292,34.17088259718392,37.746877594922594
36.64370043142945,41.39898854741716,36.586566804748415
67.55679904605816,76.29010446843652,50.495163464984785
42.42008006831771,31.314477742163916,37.31446067580379
45.62123971482418,39.59691682514739,40.19976767134523
57.58037650634101,50.785463501944285,45.60420892205194
42.1248110045482,20.615697025255724,38.98981322793276
42.999190186399716,51.36474490064981,42.093815009615625
57.55281454620856,79.00459624139108,50.151527783148
35.429976967089736,22.214947309022346,40.585944271503394
36.02439729883729,31.356303786973037,38.25597269762923
47.715997052877874,65.32504101791876,48.33814617282222
30.206562434508,16.903108885615985,35.83929225894032
34.38684010735464,40.686725870208456,37.351276076194324
52.957222620929436,41.27375388181691,46.21312187705797
41.21621672122575,37.70610952403596,37.374259412677375
47.85525340612061,42.452690640790536,43.880789847239186
62.73552918090769,56.88244414452102,51.778980374345736
42.141900306946425,22.15016091865643,41.20137279651857
41.892058701664794,52.98977673736438,44.16381672312468
48.06000022889968,45.38275636426911,45.189999026563896
37.3846637224058,21.00526724014104,37.52345509527338
31.921275253968815,26.39857601900666,39.20789017661221
41.36890418426607,35.33045424983002,42.867828903931766
33.407867721819706,21.40426871630071,34.85863204026337
31.57859861432282,27.986465913659153,37.80915477029346
27.988054125733246,18.962991555117334,29.41660167205292
24.602653259536726,9.533841466910912,17.785906879701088
26.47714926835164,24.336447384169112,24.273875323634684
31.37532383503837,24.67676564678728,26.134051918544543
25.311456020759024,6.505002154427897,17.63642798513189
27.413512234236947,13.476624336757833,22.29951081932448
28.786314518745776,25.3988165064947,28.42820412085544
23.401559228807862,13.219904683098346,19.293741331916365
25.902167519164525,11.545236004969144,19.119810591587836
24.972141041377597,14.862092211048449,22.105974667533133
21.231259684913653,19.304123351215466,19.64916656198497
24.42680224623111,9.076060635916999,14.45904111446815
32.63226694577988,37.14176880798834,30.20169189149975
23.457562457811587,9.849379355472989,16.927399244813657
27.27485018541597,19.904880353589686,22.460481863752406
31.929204256152126,32.98351266957379,31.660426226583667
25.134709357766276,5.643925115119918,16.751948445913882
27.667564715522293,25.46711511022596,24.63738814990478
26.31434191953081,6.31411976301303,21.884461317978108
23.243654679220572,2.4970418507856564,14.905519522415602
24.092513230705073,14.727686577322864,21.076989427094688
25.70079405762142,19.34225308895392,27.457132263669024
20.11130705095074,12.51736008778292,13.003677528358253
24.50874095166862,14.756941310977176,15.026892152861393
21.584848334943374,19.879644641637867,22.550980022771157
16.825387433435356,9.539179938909454,13.288653587641122
20.72673182976926,14.237190686665198,16.572481224847877
25.042096335209703,24.179929407943934,24.706044278810566
19.99319734842655,9.100424469843404,11.760038893803042
21.073108345625712,5.267613188077222,13.710121073152663
23.111347633377175,23.38248577216583,19.270531304368816
20.53243509531026,3.4351665223332435,10.939197930293716
21.89215309226701,8.97851166264252,13.521852673441686
20.931867584454793,19.156350300809194,18.163554154414072
19.35540410183291,8.393234569289817,6.9684471110633694
19.823241703814464,15.56099468800825,12.245979580593769
23.374579671539685,20.149954445637203,24.184598284466148
17.024415989432082,8.775070300763861,10.563366526829654
20.660756713613505,17.560994423085656,18.540587379348636
24.29466192678172,17.749650406701242,22.816242117859957
20.295026567424955,6.488531014637722,12.273153131323511
23.745127159981564,13.573238726571631,14.330502271081045
20.463365162341386,15.327911799303608,20.96100367463137
19.523153818945897,6.248797651584814,15.4536534218947
20.54929727692813,6.056403926300168,14.080117761744049
18.802328437858748,11.097218562138604,15.275329120233323
18.827701773769054,9.956223437043256,8.29128880483104
21.239717734517715,16.00168563062826,12.985295286374523
35.79272156039445,27.08321722695007,34.952270710845994
25.31718733035348,0.0,19.970389495828726
28.620934550632313,28.298011376705787,30.72631678299757
33.83730166367635,0.8004797874257452,29.48292789116863
24.07307549460503,1.675559545300065,21.472165810734936
37.03891260116241,0.0,24.354188197817876
31.104518200098585,15.837092854150296,31.75217373781507
26.14865897439962,0.0,19.241310103114557
24.49430994050494,1.3940538014735193,21.916464345958246
27.544947348914675,9.004678005579548,29.571279867417886
22.97076529643953,0.0,18.986448831980738
22.817795640683862,15.036228872416068,23.2907942691768
29.576904268060073,7.482912954973515,31.34596924238167
22.02434223670986,0.0,18.616608635627614
31.04561962812891,7.381827360565282,27.427113684214675
30.899536423748394,8.001321435174043,30.0016818219175
26.990964053413325,0.0,18.590435540398857
30.81239738054275,10.543724258619324,26.424264890347047
27.9682713076299,13.037504339816222,32.74383013556907
25.346929221497927,5.359240443739312,22.99364767729962
25.528353797075912,5.084829809903342,22.506991603434727
25.223343543063187,5.848918283717952,27.596662843990742
19.212040951482294,0.0,20.976230345390334
25.738545137492718,12.408647008300191,22.522942071309018
53.067497507610156,53.049886147821006,46.747751660160475
40.031802776036386,24.34733039064141,38.39230005176603
47.320929337072954,45.327018085753004,42.50034518882714
57.469344213480014,61.75243243311208,50.21327575577722
35.20666750598429,16.179945632124777,41.40205659068286
44.392106357047645,45.61808962243952,41.05239813081319
46.05099766450839,53.121894335482615,47.82799950344334
31.12902399802225,19.22307980955511,39.64132552659329
35.25897982328812,40.71638609734579,37.08650087315789
42.050062503650906,52.67800335055283,47.034278910052905
28.84044145379945,20.07873322273319,33.42647318717589
35.555819198882254,63.110154557548114,41.77016532968011
47.75403284577217,39.37132255973887,47.68234200306061
36.5958551675429,22.260847041423858,36.7925390418317
44.292052762903324,47.57456033344292,41.6865316805702
50.16399418721338,46.94739620835698,49.35776427089266
33.46841861063996,11.479145767417688,38.6029706652306
38.240833500050826,36.182237711608636,40.64614142400515
42.36533824425506,39.79355005140422,49.13856765614369
31.768298639232498,21.10626057646538,38.95893980158206
35.06597613390981,37.995602127790974,40.02197379556634
40.252428004917775,49.28930152021066,43.531116445760176
32.94101144039171,14.971833011848577,34.11364649562579
31.933953861935358,38.674082157626174,38.60970166160115
52.40970425560944,50.13646923839907,49.6908047426264
40.33067981919213,41.068801092932,47.33075971441437
39.659175175712676,64.28243622908803,48.54195821298099
43.69427523492103,35.6039376334129,48.46954068436773
35.70068455482607,22.473474255173777,45.703447271085906
33.49798706906549,48.407409602054585,45.885893042684245
46.39835226614327,62.10602955863811,52.8934467994209
31.509448587137552,34.53055221051996,43.93115144179404
27.393333841161006,37.7608838105734,42.0938587843068
37.64128656458841,44.559328815815576,45.36412596230029
27.931969666811042,13.077436937988276,36.91017636971459
26.78727219253807,33.175935308211294,40.92138841198512
54.06900546996056,47.170421174728304,54.01168105982691
35.90696956937345,27.775002350277887,44.08698405984737
35.63857094645928,52.476653155378905,44.90150225789456
47.194387125887935,38.7251187839962,51.63450977717552
30.955925536878173,6.9576228239804285,37.97231575061545
30.441617712071046,38.49367303239537,42.6684066475196
37.62249633896261,41.9213953018593,49.29089909399053
28.477690887590732,10.433601644294408,37.786378268340854
27.666588047520527,36.1572812700165,41.20474794403506
36.61686021358761,35.24557418582377,46.2175883143189
28.614210680792258,20.728933642772624,41.09268141850585
26.428474815340117,27.129871296153375,42.545687756624915
26.431854938776688,23.548793161015364,30.576667432748366
20.678985129913677,7.556888612644945,20.10652615602126
22.2416441572077,12.791277084485504,25.84875135232039
24.49544248032668,21.217285408173954,29.66586083548364
21.011350933890498,8.739845960070555,20.856509628185478
22.794770524569294,11.935507456567407,23.35638913381068
22.594730885094023,9.263833798786749,22.262522357469834
20.42493421454723,8.644144852523988,18.584722396192603
22.19078228540669,15.662755033623455,21.49537574434156
23.33091360282276,16.48763367111593,26.220550220066272
19.014015352027776,14.908507616478857,17.84407424648137
22.02962896553977,17.757435991697044,20.826754197488953
25.29534171496489,9.810561422675292,29.038801954026354
20.845680515199476,8.634386426361788,20.994049803819195
23.780469121921435,17.686909132105665,25.988838179701332
24.494886026649386,16.709692071166877,28.669599831656285
19.586501163530517,4.834831446589836,16.408362739538944
23.38879514210332,12.138603662381843,24.856368157460267
23.415396406688203,16.104465410999733,31.25695228613722
20.429886816728953,6.937282905960967,18.966672930983464
23.42524873434894,8.917664032588716,21.74262150219363
22.065070509696337,12.230666686235335,26.37964536140764
18.81466972084674,6.644471124728087,14.661927540276736
22.454906945754594,16.92556501337372,20.232395016773168
23.02308652221296,10.027627877715679,23.077321815331544
17.93818789083084,2.6501005086476495,16.454055497688955
19.989072270971484,5.741627708520919,17.36833201730377
22.671125222430895,9.95204559637057,20.332157535198405
18.801156609235015,1.7796574445886826,12.40575893698768
17.775596286290867,4.818816879181124,13.518523700030798
21.723549833637755,18.805886166941285,17.343068138783764
18.79779789838643,1.8706444682691192,8.184278378928838
20.49432974938535,6.137825004478827,14.63746987717009
22.00428656501771,8.127398539115639,17.68072343115861
17.967836823750293,2.831420921504031,8.000454148685634
18.161726859488965,10.07994812196234,12.795531629871064
19.431478471510047,6.96774167409406,21.074930755641788
16.659882137083642,2.1938548426673075,11.046714559444766
19.548574549062735,7.231656385920353,15.425655505140696
20.45918933359523,9.362011821945588,18.10721751468641
18.97043294465895,2.4130534181731345,14.75753503243709
19.89654570350684,6.153562642163495,12.386848298575615
20.716724867342418,12.629110626980893,16.160094189231273
20.005970223372003,4.934284342999152,12.29965596575255
19.79156444147238,6.482275976118873,10.054369774535417
20.706653546611754,19.459647542652206,17.24767656091032
18.493711293477993,5.254695660876809,7.454177705817813
18.30533937944919,2.6388417634059005,10.693412579567365
39.794968733686595,34.1873977608683,37.579186457721505
26.21466724869827,9.333540112822284,25.61098482048763
32.71950519777583,27.618445662173983,31.755388713980537
35.53725995089767,12.216490583008532,33.090489220026456
26.969193683209227,0.0,21.23025840943015
26.540320141247467,8.703043591457792,25.803274566227472
35.612283443409716,23.125259265142162,33.92227948682567
25.008673555175246,1.5892322555665184,22.660691695124626
30.01147108898555,15.33171869338329,27.128767728231082
31.66912023319556,21.016270562291393,31.800420276226617
24.648280376490707,1.8055526883178385,21.233644145548567
26.24081173714647,10.319711021760746,22.054742728448815
41.9196416812753,29.02178860417733,35.959209669633196
26.207532863312466,6.42169935303863,23.470378701851615
31.595415195495413,16.44083272694983,27.849107601912237
36.356029663209924,7.528215604088031,31.428563518396473
27.867431133837112,3.5498430834683212,26.480251894162237
30.275383504425104,11.640860183679553,23.161949050281194
33.09248106706509,19.67025644908351,34.46536667915694
25.308503723521643,0.0,21.289231372586386
25.237770174364766,12.548861923365987,26.86537887660876
30.62973849578196,11.00978171844039,29.02543039657644
24.037916834162015,1.3737981637077235,20.71585290782444
26.193577753977586,12.040678006620348,22.02749498037754
60.492359806375475,65.75535613255263,56.267189491762366
40.27977349458151,42.30105212382522,50.37747418476485
48.338232035242655,84.44370549369529,55.49661528104451
56.80333147283697,56.53902263179706,56.14716314079658
38.180543505671636,24.04569594066603,47.065367076039735
41.802888785104344,50.70730334493247,50.6476144467517
46.03837527707411,59.41836391097996,53.043056641101956
32.244591943801744,28.951492766298315,44.217838063245125
34.86765401356081,69.93865205128175,52.95293011847775
47.16080669443549,69.11420701115284,54.94236390668895
32.484432450514234,40.3519402919187,46.60522416432315
35.03224723296339,54.27091593188537,48.242411126655966
58.52211534159403,51.10855134470454,55.41652052384464
34.002921468561276,21.703991961768704,45.50433337362598
40.8098668536057,48.41852356487664,48.214359912352975
57.16909560650017,56.067925294727345,56.72354428541155
36.1976626788086,18.356484910177603,40.17578944327141
41.1203542966705,50.01227232427204,50.63255919132082
46.83500939588883,57.960163565633636,56.05827305437941
31.20323670598685,33.73712900858933,45.626496048121936
34.72977659054436,49.751144244027316,48.41942406617164
43.656223779777804,53.28834275869477,53.082328177227325
30.370226911610242,26.373373975591964,41.61796006456278
32.86830261429637,49.753538730804934,45.48900461615865
39.385463700398745,39.16141977428678,34.963081255068644
28.88264286666997,17.009560957157518,24.591999961800184
21.010171396350525,21.6682795926712,26.48381224582259
30.61672513625504,27.648728314018424,29.58656484982008
19.144472880013055,5.688339206917891,20.31087499197234
16.75282924603807,7.167638426388983,22.09566937606226
22.706692745968958,32.565672070812575,30.222732729611437
17.388201300954652,8.431512798993548,20.291864061775087
16.196059698470904,14.352974463676883,21.03370060194912
14.594913038092372,16.70830365568005,30.481232653775194
11.35098106754974,9.256011465888154,16.039048393880222
12.365408422722988,14.505752163234353,22.233064354759833
25.923138301431297,24.963937219018142,29.05271038563555
21.82163389936861,13.004003417782307,23.559959719274772
21.189745064356245,17.001681121622923,26.253121540250532
28.030192867700364,20.473386294539534,30.309819148240322
15.268322908302627,5.623897580147644,18.05616599627257
17.704386012789254,16.616845560683217,27.405142114102077
18.545368938215937,23.037084491377925,29.64522453722978
18.454243374798487,14.743931912215071,24.528023749982353
14.18935273335265,6.362129061565937,19.345547578822533
18.793148284772364,17.976298939884344,30.054180714571217
12.810436657001693,11.163267341300262,21.704873782350944
11.87731455466226,6.291602784711095,20.650693476121162
15.2035123687705,9.393355470078802,13.567895834377879
15.23468513031705,5.820674196093629,2.6588860180308416
16.17972623544182,9.03209758093777,3.8122337280887564
20.84468136648092,10.526420475832733,13.613426000421
17.489516711322327,7.415219285749528,2.352710814363519
17.993127287632042,7.747885367963656,7.078030112414666
16.78499656708757,13.847277826451577,11.184012518214672
14.807161336241625,9.52446326015715,0.0
17.08962457522073,10.737230705177376,3.7433389685939744
12.890291007916058,14.49115438008845,9.808945710156323
12.681808143269047,9.121495563651129,0.16404231968380145
15.886915194087708,7.924519071437146,0.2979917771293117
16.082502511888045,8.954775800189763,11.93060961834405
14.593016141541767,4.4622990609778785,2.3831517202561514
17.061962463662013,6.071729692311152,7.203043578264499
18.030433628847344,6.524269053367858,11.573810125088642
16.776517463614983,7.598395436864371,4.473355722111094
17.498024651495992,8.105630496784853,5.536537730102111
17.611714870170022,9.88184199661977,10.288655587055544
15.793542376328986,8.260622404216244,0.9287606811003712
17.413620806636267,9.604183748858743,5.445274697205207
12.099771849674323,3.0534734262214096,7.32561114692075
14.44891303731628,9.32764910805799,0.751963535816742
16.467563884626593,8.910701629956442,3.138599525901924
12.788667596634811,4.068079924382612,7.990161543468801
11.21544374867931,5.1654950493391505,0.0
11.88068967309265,6.103469798000018,0.0
12.212298988104138,6.980091405016861,5.843918454226227
12.457694518797746,3.4647790937697276,0.0
12.896830125843188,5.081733998365863,0.0
10.570268137853454,8.466475998596309,3.5628622588968284
11.051859691495888,2.815588337030437,0.0
13.856380737425194,6.913276829425456,0.0
8.753731611787117,3.5423258333819736,1.2318621842516109
8.424237719352153,4.6743728255596135,0.0
12.866317992989451,12.113403223264818,0.28346980209818184
12.488522384987167,3.6179422628783824,6.153300970644224
11.429394178974654,5.074959564780583,0.0
10.664523974622544,3.184294847811946,0.0
11.868524700191871,3.7871431968138527,6.456711946450611
12.59270971568786,6.247822567126344,0.0
12.739812060907047,4.063768476718596,0.0
10.0112898515164,3.9456525098835504,3.766054868287654
13.972038654315089,8.192241881865135,0.0
12.623944921409382,5.770958541480226,0.0
6.487317628969606,2.687879865353299,0.0
11.287242872315721,5.388840460142836,0.0
12.647936165217466,6.546503539128768,0.0
11.148267362293483,5.434635658814868,16.956080835113028
9.046836580196263,5.413128583500855,4.931005500698689
17.088197878951497,6.860979400727181,10.5750658519149
14.040945974232189,5.502580090723193,15.87339532379687
13.30190346467909,0.0,4.843010322021044
16.99084581301639,0.2724112097511566,7.795995865605647
10.3723684642605,7.232227783534162,15.028784637138415
12.130209644447623,5.685881342463702,7.634160629960931
14.712515627878739,9.764961690527633,10.157624454754384
4.873650947511394,0.0,11.102053836136605
7.306023717331723,4.046410609652204,6.39154971317339
10.522041074937498,2.2567936293105695,5.299310625152174
8.441956841502796,8.468957773938449,15.710211707021244
13.056472713648418,4.271242815510444,5.516316070971428
13.441218646287778,6.488142464927794,11.123146207089363
14.547588605866785,1.388773402789908,16.096232713409435
10.726731259035443,0.40183786343901073,2.9960150205692315
20.011757787826877,0.6086801047437784,5.373381654843996
6.401257320125168,0.0,10.444856693411495
10.453445450301473,0.0,1.7892053007496145
12.10421944259859,1.660699693901092,9.081018932769851
7.485846952613528,1.4171756712182038,13.166708348768097
9.508807009393651,0.0,2.585564858912548
11.04971245758451,0.538599207048468,3.259349737889181
36.027136319354696,33.12142357201256,36.70180555457641
22.589512153042072,9.160045316342496,29.818125865568064
29.410903253792313,28.709598148296198,31.276146675498566
31.668402299677687,30.3988319716682,34.70659104988478
22.606225691229255,11.97245033146877,28.16992898423564
24.530014820402787,18.494153376210196,30.43887958253066
28.9800433147974,47.73143107999417,35.20622992014992
17.68217012158764,9.756261145091372,22.11493593960398
20.36371445822267,20.942902273582998,27.92585071440456
19.08156222706065,20.18942813963269,34.041849465175744
14.234240649952753,9.24680162654235,21.312893672830597
18.378729801488657,19.565587481940998,22.198651657599484
31.019051210897853,35.54821632100754,37.70065203025119
20.221101177051235,6.599103173108363,26.79371573659438
29.97015418453493,24.027322321248647,31.308453398258678
31.34468926051367,21.295395170066303,32.32577824931667
25.43572879657929,9.127695207064242,26.303790402362637
26.67496240727497,14.100533744241163,29.131831828369528
23.9644152177098,28.12456396045583,38.782728672304216
12.248989629885546,4.755118910680832,24.402344013399286
21.3493344917101,17.25728159524387,26.670222862883506
18.75935660712762,23.093312918368007,32.70419634312063
12.301463312265248,9.453484582825514,26.24516183826458
18.91841523351315,17.509725608343707,24.797978597644743
